{"Test set Accuracy": 0.7754993544467229, "Test set F1": 0.4527952610144391, "_timestamp": 1709798974.919522, "_runtime": 175.23587203025818, "_step": 2, "CV accuracies": [0.891637714148796, 0.8887624296154307, 0.8897807595543309, 0.890852453124064, 0.8891151979871803], "Average CV accuracy": 0.8900297108859604, "Average CV F1": 0.5459493720128, "roc_table": {"_type": "table-file", "sha256": "1ea879a2fc3d2467b95be4d5abf55e32c59d305aa37e096ce746b03c00fab82e", "size": 6544, "artifact_path": "wandb-client-artifact://0g672wsz8403bubtb4432abintfyrbd8d707rrrtvb2df1hcnx2svqevlndbmiie1u5cq8y9379l1htd9gr9ewzh2vggaq52var4g6rhfkgqgd785byw9tfwu3ic3yxe:latest/roc_table.table.json", "_latest_artifact_path": "wandb-client-artifact://0g672wsz8403bubtb4432abintfyrbd8d707rrrtvb2df1hcnx2svqevlndbmiie1u5cq8y9379l1htd9gr9ewzh2vggaq52var4g6rhfkgqgd785byw9tfwu3ic3yxe:latest/roc_table.table.json", "path": "media/table/roc_table_2_1ea879a2fc3d2467b95b.table.json", "ncols": 3, "nrows": 348}, "_wandb": {"runtime": 174}}