{"Test set CV accuracies": [0.8677248677248677, 0.8776595744680851, 0.8829787234042553, 0.8882978723404256, 0.8723404255319149, 0.9042553191489362, 0.8776595744680851, 0.8776595744680851, 0.8882978723404256, 0.8617021276595744], "Average test set accuracy": 0.8798575931554655, "Average test set F1": 0.43925013950186287, "_timestamp": 1709283615.7997792, "_runtime": 52.051210165023804, "_step": 1, "roc_table": {"_type": "table-file", "sha256": "d9ce83bdff43ba05306992c055cf5d4c9d8ac1455b4fb6999df2237e85d3bd07", "size": 5067, "artifact_path": "wandb-client-artifact://mj7f89uznl8a6g8fnz5773ow1e7fw42yz8md92i5bf5suro1sjkla09cdekafnwp79xl6vkymzux35f8zo5cdrzf2cttls8bpog649eovfxgmi1p9oeo3n7oocc15sx6:latest/roc_table.table.json", "_latest_artifact_path": "wandb-client-artifact://mj7f89uznl8a6g8fnz5773ow1e7fw42yz8md92i5bf5suro1sjkla09cdekafnwp79xl6vkymzux35f8zo5cdrzf2cttls8bpog649eovfxgmi1p9oeo3n7oocc15sx6:latest/roc_table.table.json", "path": "media/table/roc_table_1_d9ce83bdff43ba053069.table.json", "ncols": 3, "nrows": 269}, "_wandb": {"runtime": 51}}