{"test set BCE": 0.1076115071773529, "test set Precision": 0.0, "test set Recall": 0.0, "_timestamp": 1743457175.356002, "_runtime": 18.850192070007324, "_step": 0, "_wandb": {"runtime": 17}}