{"Test set Accuracy": 0.7756724150166773, "Test set F1": 0.5488796917368346, "_timestamp": 1715703424.979373, "_runtime": 187.48142886161804, "_step": 2, "CV accuracies": [0.9067109345234855, 0.9070868713259308, 0.9034400174178097, 0.9071957326366209, 0.9064881341171348], "Average CV accuracy": 0.9061843380041964, "Average CV F1": 0.5618715787762374, "roc_table": {"_type": "table-file", "sha256": "2bbdda935f2f2e150779853b6424409bc1c6c383aedda9f3d1967d138497c0a8", "size": 6408, "artifact_path": "wandb-client-artifact://iwzzhi7dp2ap8aqk5ql67on7f2u7so75bdtlb7kcazibu8qrnecjseg794zulz9sxr9iqm1s87y6v4ouxi0pirknyg9x5qx1aqasvaz1i6a3yopyh4ta8ruuktxuecs4:latest/roc_table.table.json", "_latest_artifact_path": "wandb-client-artifact://iwzzhi7dp2ap8aqk5ql67on7f2u7so75bdtlb7kcazibu8qrnecjseg794zulz9sxr9iqm1s87y6v4ouxi0pirknyg9x5qx1aqasvaz1i6a3yopyh4ta8ruuktxuecs4:latest/roc_table.table.json", "path": "media/table/roc_table_2_2bbdda935f2f2e150779.table.json", "ncols": 3, "nrows": 342}, "_wandb": {"runtime": 186}}