{"Test set Accuracy": 0.5395306447938026, "Test set F1": 0.3324892656611252, "_timestamp": 1709803674.604417, "_runtime": 137.4390950202942, "_step": 2, "CV accuracies": [0.863962111298062, 0.8655200348974886, 0.8634012588022684, 0.8644606468498784, 0.8662595039262121], "Average CV accuracy": 0.8647207111547818, "Average CV F1": 0.3356117990641757, "roc_table": {"_type": "table-file", "sha256": "53c0c3de93d2860f8cc73a73ed59534cb90eec38b2ab3e1fe0b107bfded4137f", "size": 5349, "artifact_path": "wandb-client-artifact://i4maqhx1njhyi0mq2cjwbilbg3y2hbjorkv803gvijq1uqr78wsohkopcsb0vf8hw2ff41fpde45f3bn2mys983ce8wy269rhj17gx4113tvc1pjc9je4dka2fipjiew:latest/roc_table.table.json", "_latest_artifact_path": "wandb-client-artifact://i4maqhx1njhyi0mq2cjwbilbg3y2hbjorkv803gvijq1uqr78wsohkopcsb0vf8hw2ff41fpde45f3bn2mys983ce8wy269rhj17gx4113tvc1pjc9je4dka2fipjiew:latest/roc_table.table.json", "path": "media/table/roc_table_2_53c0c3de93d2860f8cc7.table.json", "ncols": 3, "nrows": 285}, "_wandb": {"runtime": 136}}