{"Test set Accuracy": 0.7911445279866333, "Test set F1": 0.45021991203518597, "_timestamp": 1709803434.8047721, "_runtime": 158.22748017311096, "_step": 2, "CV accuracies": [0.8997943540848756, 0.898236430485449, 0.9013522776843024, 0.8997320371408986, 0.8985416926336782], "Average CV accuracy": 0.8995313584058409, "Average CV F1": 0.5811134616017053, "roc_table": {"_type": "table-file", "sha256": "24f7771f8d43a627fc8f46b2cd65bd6ce8b3dc4194fb3a3095a522f4e35e626b", "size": 5930, "artifact_path": "wandb-client-artifact://v48cctz7tkdhhcdb0eyw1fedypdwbzeinwr6d72cuxr8xbah9ezbprplpyec53hxw631xpaib6dc5xy1esyiacqyccycjgqhrboq8y2xmzvtgmz3kvedjpuliulvmir0:latest/roc_table.table.json", "_latest_artifact_path": "wandb-client-artifact://v48cctz7tkdhhcdb0eyw1fedypdwbzeinwr6d72cuxr8xbah9ezbprplpyec53hxw631xpaib6dc5xy1esyiacqyccycjgqhrboq8y2xmzvtgmz3kvedjpuliulvmir0:latest/roc_table.table.json", "path": "media/table/roc_table_2_24f7771f8d43a627fc8f.table.json", "ncols": 3, "nrows": 316}, "_wandb": {"runtime": 157}}