{"Test set Accuracy": 0.7435254803675856, "Test set F1": 0.41259349452078625, "_timestamp": 1709800946.751405, "_runtime": 250.33679294586182, "_step": 2, "CV accuracies": [0.8949323110099436, 0.8930753564154786, 0.8931951599377022, 0.8927694243095908, 0.8945066794464746], "Average CV accuracy": 0.8936957862238379, "Average CV F1": 0.5518637350077409, "roc_table": {"_type": "table-file", "sha256": "63a1b99625f034a55a3798a379a5e46c1b356bff0d29efcf0aa208dc6712c227", "size": 5941, "artifact_path": "wandb-client-artifact://ggbedon9rb8dquptnnis5pb8w6eiqldyf8r38xg0stv3epgda7zdi9iyvmbglkqc75i1uapnnmm837rjckv8k5o9h4l2xpowbjy686enljcj40xjnv09712zjoap09wm:latest/roc_table.table.json", "_latest_artifact_path": "wandb-client-artifact://ggbedon9rb8dquptnnis5pb8w6eiqldyf8r38xg0stv3epgda7zdi9iyvmbglkqc75i1uapnnmm837rjckv8k5o9h4l2xpowbjy686enljcj40xjnv09712zjoap09wm:latest/roc_table.table.json", "path": "media/table/roc_table_2_63a1b99625f034a55a37.table.json", "ncols": 3, "nrows": 315}, "_wandb": {"runtime": 250}}