{"Test set Accuracy": 0.7788410419989368, "Test set F1": 0.41526104417670684, "_timestamp": 1711054881.409873, "_runtime": 228.86317992210388, "_step": 2, "CV accuracies": [0.8952575094430122, 0.8905744094016069, 0.8920134308670105, 0.8948914737978175, 0.8950713514809929], "Average CV accuracy": 0.8935616349980879, "Average CV F1": 0.5513744739744767, "roc_table": {"_type": "table-file", "sha256": "62ce9fcba7f6235e378afb7a20b5a8d252e27763e8d4477be0fd5ca4736f40e5", "size": 6140, "artifact_path": "wandb-client-artifact://oejn43x4thgi1fbt9zlzu88b3im5ip5d7otmod3jg39lhlj1lmlrf7ahcxglw10z7zwaf2c0noslllbgwmpm7vpmk56d4c34prkco34wha4hcm97mgpaole5buohvgdd:latest/roc_table.table.json", "_latest_artifact_path": "wandb-client-artifact://oejn43x4thgi1fbt9zlzu88b3im5ip5d7otmod3jg39lhlj1lmlrf7ahcxglw10z7zwaf2c0noslllbgwmpm7vpmk56d4c34prkco34wha4hcm97mgpaole5buohvgdd:latest/roc_table.table.json", "path": "media/table/roc_table_2_62ce9fcba7f6235e378a.table.json", "ncols": 3, "nrows": 326}, "_wandb": {"runtime": 228}}