{"Test set Accuracy": 0.7475122280317086, "Test set F1": 0.560610507778104, "_timestamp": 1711093876.830198, "_runtime": 132.56062006950378, "_step": 2, "CV accuracies": [0.9161442933175635, 0.9166173861620343, 0.9206386753400355, 0.9144783534421576, 0.9138869174355335], "Average CV accuracy": 0.9163531251394648, "Average CV F1": 0.6480268824288957, "roc_table": {"_type": "table-file", "sha256": "cd3083276ff9ed81aa64db49bcc12c381876d50e688d8ede20ff43b46645d446", "size": 6470, "artifact_path": "wandb-client-artifact://x0712757es40wia91olkj0zgcee8zjmzs02o3dtkj5nuuxr889y0a6srj4p1dqtjlhxfud1bdg318ufgplxtvxypzovjaptiyqgo5sgdj4ulz9esonv0k13z9s811jux:latest/roc_table.table.json", "_latest_artifact_path": "wandb-client-artifact://x0712757es40wia91olkj0zgcee8zjmzs02o3dtkj5nuuxr889y0a6srj4p1dqtjlhxfud1bdg318ufgplxtvxypzovjaptiyqgo5sgdj4ulz9esonv0k13z9s811jux:latest/roc_table.table.json", "path": "media/table/roc_table_2_cd3083276ff9ed81aa64.table.json", "ncols": 3, "nrows": 344}, "_wandb": {"runtime": 132}}