{"Test set CV accuracies": [0.8783068783068783, 0.8776595744680851, 0.8829787234042553, 0.8829787234042553, 0.9042553191489362, 0.8776595744680851, 0.8882978723404256, 0.8882978723404256, 0.8936170212765957, 0.9095744680851063], "Average test set accuracy": 0.8883626027243048, "Average test set F1": 0.48832010492815936, "_timestamp": 1709226810.441782, "_runtime": 56.743257999420166, "_step": 1, "roc_table": {"_type": "table-file", "sha256": "13fa778cf47a23538f25251efae693b5db4288818a37cc61b993027ddd5c7538", "size": 5101, "artifact_path": "wandb-client-artifact://35qyiikips8o2fkzbqht82ak8o4cs2gu5joiar3qiphlezc9i2sz2v6fzbd5m0snoz54dyx22ylzhm1kb4pyqu0apj0ct5a3y8r2p48y9mqh4nelgxjwzisawozg6dkl:latest/roc_table.table.json", "_latest_artifact_path": "wandb-client-artifact://35qyiikips8o2fkzbqht82ak8o4cs2gu5joiar3qiphlezc9i2sz2v6fzbd5m0snoz54dyx22ylzhm1kb4pyqu0apj0ct5a3y8r2p48y9mqh4nelgxjwzisawozg6dkl:latest/roc_table.table.json", "path": "media/table/roc_table_1_13fa778cf47a23538f25.table.json", "ncols": 3, "nrows": 271}, "_wandb": {"runtime": 56}}