{"Test set Accuracy": 0.810966810966811, "Test set F1": 0.500501705799719, "_timestamp": 1709802263.748936, "_runtime": 617.2074708938599, "_step": 2, "CV accuracies": [0.8532435969340063, 0.8570449305166075, 0.8530566461020751, 0.8550507883093413, 0.857908513025053], "Average CV accuracy": 0.8552608949774166, "Average CV F1": 0.28958132325301006, "roc_table": {"_type": "table-file", "sha256": "50786f95f0868e3edc761d7afc1ccbb39b8047c785c44d7970c89dff0a47f702", "size": 151673, "artifact_path": "wandb-client-artifact://8tbnmjmqeumudsw5a3nflkkmxzdufcxkmlfm4bnvlcq8nv1vc4sjxwl0sw3hxve9bl22y160gijg3kze1to8vtrp7z3aa0hwu387dwcy4by75gzcl4i8pdrop682n8nd:latest/roc_table.table.json", "_latest_artifact_path": "wandb-client-artifact://8tbnmjmqeumudsw5a3nflkkmxzdufcxkmlfm4bnvlcq8nv1vc4sjxwl0sw3hxve9bl22y160gijg3kze1to8vtrp7z3aa0hwu387dwcy4by75gzcl4i8pdrop682n8nd:latest/roc_table.table.json", "path": "media/table/roc_table_2_50786f95f0868e3edc76.table.json", "ncols": 3, "nrows": 8169}, "_wandb": {"runtime": 615}}