{"Test set Accuracy": 0.6824366110080395, "Test set F1": 0.39570461900558984, "_timestamp": 1711093490.437067, "_runtime": 182.1896800994873, "_step": 2, "CV accuracies": [0.9133647363073797, 0.9149270275263255, 0.9140956955477554, 0.9116940698318862, 0.9155736190652134], "Average CV accuracy": 0.913931029655712, "Average CV F1": 0.6823608839909292, "roc_table": {"_type": "table-file", "sha256": "691534b6d65f503993bade6c16d3a41317b8d0d1a152e25d708628afdbfa1dd0", "size": 6943, "artifact_path": "wandb-client-artifact://4elz6l994ic7wsq0hb45wftr45lkm4utnrov363f1ohsqlyh5s6m2idavt9kpn81kfv8iry3r5kx2kfoqiig0atyih647c3iot6d7zf3sxkrc2ke0vygxs5j8gp5u1z7:latest/roc_table.table.json", "_latest_artifact_path": "wandb-client-artifact://4elz6l994ic7wsq0hb45wftr45lkm4utnrov363f1ohsqlyh5s6m2idavt9kpn81kfv8iry3r5kx2kfoqiig0atyih647c3iot6d7zf3sxkrc2ke0vygxs5j8gp5u1z7:latest/roc_table.table.json", "path": "media/table/roc_table_2_691534b6d65f503993ba.table.json", "ncols": 3, "nrows": 369}, "_wandb": {"runtime": 181}}