{"Test set Accuracy": 0.7965584415584416, "Test set F1": 0.5569226417762693, "_timestamp": 1721227491.108799, "_runtime": 220.19997692108154, "_step": 2, "CV accuracies": [0.9026451138868479, 0.9012215282880235, 0.9017725936811168, 0.9028702640642939, 0.901308840413318], "Average CV accuracy": 0.9019636680667201, "Average CV F1": 0.4984520578162657, "roc_table": {"_type": "table-file", "sha256": "ee7d7f6c8c3b1334e194000a2405942a93dafc54cf773a6cb58c700a1f11ceed", "size": 6294, "artifact_path": "wandb-client-artifact://qt9anpwi4q44euvtpuqir9hxs9mfzl1557d11uayx1m4e09bm0n9gc0r9jp3auspy1052t6smu1pycg8ch2vck6mnvc0c6zu0ne1dfm0tan2bg5wuxdmz5qob9487ajo:latest/roc_table.table.json", "_latest_artifact_path": "wandb-client-artifact://qt9anpwi4q44euvtpuqir9hxs9mfzl1557d11uayx1m4e09bm0n9gc0r9jp3auspy1052t6smu1pycg8ch2vck6mnvc0c6zu0ne1dfm0tan2bg5wuxdmz5qob9487ajo:latest/roc_table.table.json", "path": "media/table/roc_table_2_ee7d7f6c8c3b1334e194.table.json", "ncols": 3, "nrows": 334}, "_wandb": {"runtime": 217}}