{"Test set Accuracy": 0.746031746031746, "Test set F1": 0.4530585541380438, "_timestamp": 1709801203.977095, "_runtime": 208.5471329689026, "_step": 2, "CV accuracies": [0.9037203215554309, 0.9020377640680501, 0.9029725182277061, 0.8986103321493114, 0.8986040134612988], "Average CV accuracy": 0.9011889898923595, "Average CV F1": 0.5893717599927155, "roc_table": {"_type": "table-file", "sha256": "df10ef8770f7970b5afbc52d0aa6f039fb438ef04f97ffecff4287a4e0fd18a0", "size": 5958, "artifact_path": "wandb-client-artifact://me2mp79z8k3mtw65qxm3om2b45s0jks7irxvmbir561q1nbarda9h7berrk7vzdnr795ymwuok4nixekzzh5y90qqmhqrp5tno9yj5kdjfvq68xusvoon0d3uvu92xep:latest/roc_table.table.json", "_latest_artifact_path": "wandb-client-artifact://me2mp79z8k3mtw65qxm3om2b45s0jks7irxvmbir561q1nbarda9h7berrk7vzdnr795ymwuok4nixekzzh5y90qqmhqrp5tno9yj5kdjfvq68xusvoon0d3uvu92xep:latest/roc_table.table.json", "path": "media/table/roc_table_2_df10ef8770f7970b5afb.table.json", "ncols": 3, "nrows": 316}, "_wandb": {"runtime": 208}}