{"Test set Accuracy": 0.7846130477709425, "Test set F1": 0.411862297801742, "_timestamp": 1709798513.578314, "_runtime": 240.6299650669098, "_step": 2, "CV accuracies": [0.8919971247154667, 0.8956511321432851, 0.8953516233377261, 0.8940274366500929, 0.8934882885041634], "Average CV accuracy": 0.8941031210701469, "Average CV F1": 0.5524780460365663, "roc_table": {"_type": "table-file", "sha256": "44b69076a1bdef2a036cf2de071af4b5fbcbfb1e85336ba3f0a42bbcee50eeed", "size": 6090, "artifact_path": "wandb-client-artifact://wbvni0hu6ryuk2xa65ou5svwmai1caoxu5p5iwrgkducl32ty3sopf63qe6facvbl5aeo6woqci832gqc0ik9yhlqywnywqr2kvcikbr2ktf3c29bokjz7s6yg5z5ck1:latest/roc_table.table.json", "_latest_artifact_path": "wandb-client-artifact://wbvni0hu6ryuk2xa65ou5svwmai1caoxu5p5iwrgkducl32ty3sopf63qe6facvbl5aeo6woqci832gqc0ik9yhlqywnywqr2kvcikbr2ktf3c29bokjz7s6yg5z5ck1:latest/roc_table.table.json", "path": "media/table/roc_table_2_44b69076a1bdef2a036c.table.json", "ncols": 3, "nrows": 324}, "_wandb": {"runtime": 239}}