{"Test set CV accuracies": [0.873015873015873, 0.8723404255319149, 0.8723404255319149, 0.8723404255319149, 0.8563829787234043, 0.8563829787234043, 0.8776595744680851, 0.8617021276595744, 0.8882978723404256, 0.8776595744680851], "Average test set accuracy": 0.8708122255994596, "Average test set F1": 0.34830583401969073, "_timestamp": 1709284318.3619452, "_runtime": 115.54459810256958, "_step": 1, "roc_table": {"_type": "table-file", "sha256": "0185ef5bda7051a6586054c4566741f3a76546afe3441dc746f34bdecf5a291a", "size": 5166, "artifact_path": "wandb-client-artifact://pwulm2dgzdil3390e629vcv1xr89zkf2o2i4q8nwxx7tpb1fw7ch2r52gv2ti51gddiayxqjpql69o0aaoskedcy5xm98d0cv0k3mrntn7j0y64vcdzb7jyi4j5agdhr:latest/roc_table.table.json", "_latest_artifact_path": "wandb-client-artifact://pwulm2dgzdil3390e629vcv1xr89zkf2o2i4q8nwxx7tpb1fw7ch2r52gv2ti51gddiayxqjpql69o0aaoskedcy5xm98d0cv0k3mrntn7j0y64vcdzb7jyi4j5agdhr:latest/roc_table.table.json", "path": "media/table/roc_table_1_0185ef5bda7051a65860.table.json", "ncols": 3, "nrows": 274}, "_wandb": {"runtime": 114}}