{"Test set Accuracy": 0.5869977975241133, "Test set F1": 0.3363436660971443, "_timestamp": 1709804208.416752, "_runtime": 115.0376341342926, "_step": 2, "CV accuracies": [0.8679921978229409, 0.8670483860819228, 0.8683697225193482, 0.8679921978229409, 0.8658444500377549], "Average CV accuracy": 0.8674493908569815, "Average CV F1": 0.3403871582068898, "roc_table": {"_type": "table-file", "sha256": "567c6b0b54017be9edb7277962ba19e7a9e57ee5e71abf59379fda8e3ec9bc01", "size": 5645, "artifact_path": "wandb-client-artifact://fthq2ci43dzoqdyt5n4onxczsycafellmh0q7wr7iybmmehseh89557w4dn7itth7m9jzq15tshouuybxz6wtd0cr4w2wy9qzntwx49ij9hydk14ukifi5haiyqgjdxi:latest/roc_table.table.json", "_latest_artifact_path": "wandb-client-artifact://fthq2ci43dzoqdyt5n4onxczsycafellmh0q7wr7iybmmehseh89557w4dn7itth7m9jzq15tshouuybxz6wtd0cr4w2wy9qzntwx49ij9hydk14ukifi5haiyqgjdxi:latest/roc_table.table.json", "path": "media/table/roc_table_2_567c6b0b54017be9edb7.table.json", "ncols": 3, "nrows": 299}, "_wandb": {"runtime": 114}}