{"Test set CV accuracies": [0.9567198177676538, 0.9521640091116174, 0.9658314350797267, 0.9772209567198178, 0.9597570235383447, 0.9627942293090357, 0.9703872437357631, 0.9642857142857143, 0.9718844984802432, 0.9612462006079028], "Average test set accuracy": 0.964229112863582, "Average test set F1": 0.868391276427964, "_timestamp": 1709657912.068167, "_runtime": 104.47477006912231, "_step": 1, "roc_table": {"_type": "table-file", "sha256": "4df944c1cb905f3db7840aab32fc4156fdd9239ccf9ff11c2f40d72ae22a4fe4", "size": 6370, "artifact_path": "wandb-client-artifact://9xlh9pkhevf1zndsi1cvzaicm9z3zpy7e9rby1ofekic2ih1jlktt1rhj9h9sydt0t7tsl5ssvkbi9rvu5f8k9era9d9e0euq4w2ck3sswoxj8qea54izxh3d9u1a2ls:latest/roc_table.table.json", "_latest_artifact_path": "wandb-client-artifact://9xlh9pkhevf1zndsi1cvzaicm9z3zpy7e9rby1ofekic2ih1jlktt1rhj9h9sydt0t7tsl5ssvkbi9rvu5f8k9era9d9e0euq4w2ck3sswoxj8qea54izxh3d9u1a2ls:latest/roc_table.table.json", "path": "media/table/roc_table_1_4df944c1cb905f3db784.table.json", "ncols": 3, "nrows": 338}, "_wandb": {"runtime": 104}}