{"Test set Accuracy": 0.7414661840891349, "Test set F1": 0.48142348754448394, "_timestamp": 1711094207.618022, "_runtime": 115.89304089546204, "_step": 2, "CV accuracies": [0.9331204541422743, 0.929217668972858, 0.9311568488289567, 0.9295599716110717, 0.9281405251951739], "Average CV accuracy": 0.9302390937500669, "Average CV F1": 0.6687434713842028, "roc_table": {"_type": "table-file", "sha256": "641a2c9c1169ed0a87b0704b386f5ef7494314de73c69572e027c11df9857fda", "size": 6758, "artifact_path": "wandb-client-artifact://au9cobm9fqsgz9gjmq12acyveqq05fg9iv8opd52m6x1ngfnsvxib24giujpyqz03oj63lkul1bup83wuz11c2ut1gvibewev6remhwlmqbsjuicfvgiziom87fpi4nw:latest/roc_table.table.json", "_latest_artifact_path": "wandb-client-artifact://au9cobm9fqsgz9gjmq12acyveqq05fg9iv8opd52m6x1ngfnsvxib24giujpyqz03oj63lkul1bup83wuz11c2ut1gvibewev6remhwlmqbsjuicfvgiziom87fpi4nw:latest/roc_table.table.json", "path": "media/table/roc_table_2_641a2c9c1169ed0a87b0.table.json", "ncols": 3, "nrows": 358}, "_wandb": {"runtime": 115}}