{"Test set Accuracy": 0.7573911630929174, "Test set F1": 0.5374012699396005, "_timestamp": 1713171059.8818471, "_runtime": 286.94568514823914, "_step": 2, "CV accuracies": [0.8943487591481869, 0.8956143729708909, 0.8963297199141583, 0.895119132779398, 0.8956636583755228], "Average CV accuracy": 0.8954151286376313, "Average CV F1": 0.5467767504618134, "roc_table": {"_type": "table-file", "sha256": "c204f2fc373aa230718200a660d59294043d1e5ebfb862e0a67029723874407b", "size": 6115, "artifact_path": "wandb-client-artifact://rrf0xme80lsab32wbywxbr5iibialuornvnc4fl6wxpmvxlzbor8wpn0wnvs8gj6w31hvsuseyo8m9b9d3rmi7meywqa54ljuauu0ujeoakn2bf54uqfvo4zv2je7a5u:latest/roc_table.table.json", "_latest_artifact_path": "wandb-client-artifact://rrf0xme80lsab32wbywxbr5iibialuornvnc4fl6wxpmvxlzbor8wpn0wnvs8gj6w31hvsuseyo8m9b9d3rmi7meywqa54ljuauu0ujeoakn2bf54uqfvo4zv2je7a5u:latest/roc_table.table.json", "path": "media/table/roc_table_2_c204f2fc373aa2307182.table.json", "ncols": 3, "nrows": 325}, "_wandb": {"runtime": 286}}