{"Test set Accuracy": 0.7054857710595416, "Test set F1": 0.4592129267657024, "_timestamp": 1716119797.0350661, "_runtime": 10.707940101623535, "_step": 0, "_wandb": {"runtime": 36}}