{"Test set Accuracy": 0.7437459389213775, "Test set F1": 0.5546930134086098, "_timestamp": 1712909928.567571, "_runtime": 224.91057896614075, "_step": 2, "CV accuracies": [0.8924270805458925, 0.8892754398876028, 0.8921522713588012, 0.8893423429450726, 0.8903458888071185], "Average CV accuracy": 0.8907086047088976, "Average CV F1": 0.5846390844892815, "roc_table": {"_type": "table-file", "sha256": "86421d2fae31da41e159c529d88c74c6109ffe6d2e4c2e8101b3209731faecfb", "size": 6220, "artifact_path": "wandb-client-artifact://02gxhmodkzq5wxnv2sk5dtu6twl2ch4gmkgsz2yyax00nqxpp029fbh44gsm8dt6nd1hykh1nuib23eqongbqncbqxa8mfb4nkivnk206r9ztog8gv9d1xp5xzz0ztzs:latest/roc_table.table.json", "_latest_artifact_path": "wandb-client-artifact://02gxhmodkzq5wxnv2sk5dtu6twl2ch4gmkgsz2yyax00nqxpp029fbh44gsm8dt6nd1hykh1nuib23eqongbqncbqxa8mfb4nkivnk206r9ztog8gv9d1xp5xzz0ztzs:latest/roc_table.table.json", "path": "media/table/roc_table_2_86421d2fae31da41e159.table.json", "ncols": 3, "nrows": 330}, "_wandb": {"runtime": 224}}