{"Test set Accuracy": 0.7514016038606203, "Test set F1": 0.545005844914924, "_timestamp": 1715701983.126192, "_runtime": 206.19410920143127, "_step": 2, "CV accuracies": [0.9061122299025745, 0.9073045939473111, 0.9061615501850643, 0.9061071195297191, 0.9063248421510995], "Average CV accuracy": 0.9064020671431537, "Average CV F1": 0.5632786078613893, "roc_table": {"_type": "table-file", "sha256": "5b99941ba3f8b225833f14440c57698ea7a07e7082c235743488ecd14dce8bf7", "size": 6364, "artifact_path": "wandb-client-artifact://r6v43rpccink8msm10mmncvzh30mwtkx9w68axzqcwc556rh9v01gpv6p1iqoif0j17w37zyxtpo0urvgcfsi90qfcpb1fl5vp40tqhcq8i50xsffusuwtan60s1wunb:latest/roc_table.table.json", "_latest_artifact_path": "wandb-client-artifact://r6v43rpccink8msm10mmncvzh30mwtkx9w68axzqcwc556rh9v01gpv6p1iqoif0j17w37zyxtpo0urvgcfsi90qfcpb1fl5vp40tqhcq8i50xsffusuwtan60s1wunb:latest/roc_table.table.json", "path": "media/table/roc_table_2_5b99941ba3f8b225833f.table.json", "ncols": 3, "nrows": 338}, "_wandb": {"runtime": 205}}