{"test set BCE": 0.1076115071773529, "test set Precision": 0.0, "test set Recall": 0.0, "_timestamp": 1742843260.554025, "_runtime": 12.472968816757202, "_step": 0, "_wandb": {"runtime": 11}}