{"Test set Accuracy": 0.7232475127211969, "Test set F1": 0.4279434850863422, "_timestamp": 1709800351.837686, "_runtime": 223.51514410972595, "_step": 2, "CV accuracies": [0.8963100515155146, 0.8924763388043608, 0.8973283814544147, 0.8955849757383334, 0.894207152698736], "Average CV accuracy": 0.895181380042272, "Average CV F1": 0.5608365446552707, "roc_table": {"_type": "table-file", "sha256": "314d6271c8a233a00de1d378bffdabe70a9bffdb5c808ff03918746b19e46e88", "size": 6130, "artifact_path": "wandb-client-artifact://w1ppku34o4eblf5spg7vqxiloqssjnzeiwb1vpb5iudujhrhf1kj4r9it7h3vltxf41in3xwagul3omtz2xb7cwj3lc5dovoyglz4yf20jduar8hk83hpmmnq6pf8lrv:latest/roc_table.table.json", "_latest_artifact_path": "wandb-client-artifact://w1ppku34o4eblf5spg7vqxiloqssjnzeiwb1vpb5iudujhrhf1kj4r9it7h3vltxf41in3xwagul3omtz2xb7cwj3lc5dovoyglz4yf20jduar8hk83hpmmnq6pf8lrv:latest/roc_table.table.json", "path": "media/table/roc_table_2_314d6271c8a233a00de1.table.json", "ncols": 3, "nrows": 326}, "_wandb": {"runtime": 223}}