{"Test set CV accuracies": [0.8941798941798942, 0.8723404255319149, 0.8882978723404256, 0.8563829787234043, 0.8563829787234043, 0.8670212765957447, 0.8723404255319149, 0.8882978723404256, 0.851063829787234, 0.8670212765957447], "Average test set accuracy": 0.8713328830350108, "Average test set F1": 0.3441922458691124, "_timestamp": 1709227809.998094, "_runtime": 63.08716011047363, "_step": 1, "roc_table": {"_type": "table-file", "sha256": "b7f252b25e343f569bfb58c1c2c9b24a9b655eae92eb28deb2aa13dc47b7fbe8", "size": 4941, "artifact_path": "wandb-client-artifact://5mjk9ejuxa6ow9m1u2v7zk9opugudqxty8r7xtqq6wau5gne7160wmp3rptaa8v9ufk4ujdjtmo4lg00qq5i9b99vgvuu4wx48otcbcubra7qzw78zt9hwwpecsknrmw:latest/roc_table.table.json", "_latest_artifact_path": "wandb-client-artifact://5mjk9ejuxa6ow9m1u2v7zk9opugudqxty8r7xtqq6wau5gne7160wmp3rptaa8v9ufk4ujdjtmo4lg00qq5i9b99vgvuu4wx48otcbcubra7qzw78zt9hwwpecsknrmw:latest/roc_table.table.json", "path": "media/table/roc_table_1_b7f252b25e343f569bfb.table.json", "ncols": 3, "nrows": 261}, "_wandb": {"runtime": 62}}