{"Test set CV accuracies": [0.8835978835978836, 0.8670212765957447, 0.8617021276595744, 0.8936170212765957, 0.8670212765957447, 0.8936170212765957, 0.8829787234042553, 0.8936170212765957, 0.8723404255319149, 0.8776595744680851], "Average test set accuracy": 0.8793172351682991, "Average test set F1": 0.4372038270626204, "_timestamp": 1709128607.222215, "_runtime": 43.394359827041626, "_step": 0, "_wandb": {"runtime": 42}}