{"Test set Accuracy": 0.8204619807673242, "Test set F1": 0.506001091107474, "_timestamp": 1715942153.191472, "_runtime": 13.157072067260742, "_step": 0, "_wandb": {"runtime": 69}}