{"Test set Accuracy": 0.8136625279482422, "Test set F1": 0.43729349231432263, "_timestamp": 1715932243.99079, "_runtime": 14.21478796005249, "_step": 0, "_wandb": {"runtime": 179}}