{"Test set Accuracy": 0.7493435526222412, "Test set F1": 0.538782972055367, "_timestamp": 1715804893.0688798, "_runtime": 213.3067479133606, "_step": 2, "CV accuracies": [0.9069286452947259, 0.9048552144567821, 0.9071413019812758, 0.9081754844328326, 0.9075223165686915], "Average CV accuracy": 0.9069245925468616, "Average CV F1": 0.565759823553054, "roc_table": {"_type": "table-file", "sha256": "fbcef230675ec4796a0072c90be4767b7c1adb99454e6d8d5c1f6c43701ac434", "size": 6415, "artifact_path": "wandb-client-artifact://5u99rqfiv9d5jpbvfyvmr1bofjzcaj6j74pli2tahg9bagvbvx5fmr9j7ngqn2fsq8vr6lrerookmjnwlg10b21i3y13xon4v9vopjf9sp7s67y8t2xmv4w1mfznxs7u:latest/roc_table.table.json", "_latest_artifact_path": "wandb-client-artifact://5u99rqfiv9d5jpbvfyvmr1bofjzcaj6j74pli2tahg9bagvbvx5fmr9j7ngqn2fsq8vr6lrerookmjnwlg10b21i3y13xon4v9vopjf9sp7s67y8t2xmv4w1mfznxs7u:latest/roc_table.table.json", "path": "media/table/roc_table_2_fbcef230675ec4796a00.table.json", "ncols": 3, "nrows": 341}, "_wandb": {"runtime": 212}}