{"Test set CV accuracies": [0.9673500379650721, 0.9605163249810175, 0.9567198177676538, 0.958997722095672, 0.9612756264236902, 0.9612756264236902, 0.9643128321943811, 0.96580547112462, 0.9650455927051672, 0.9536474164133738], "Average test set accuracy": 0.9614946468094339, "Average test set F1": 0.8569077484236182, "_timestamp": 1709757998.474738, "_runtime": 101.491947889328, "_step": 1, "roc_table": {"_type": "table-file", "sha256": "cafc9cd297d4944c46e5013912cf146d96fd2df7b4900cacda9362721f306bc8", "size": 6352, "artifact_path": "wandb-client-artifact://7s1szr6xrch4irc5f4cvxgj0o1bpgecj6r8m76pjga13r6mxw955jt93pdpceisobcy4isgw07p07hzoyeeag5b6q8lymahej0ptzpaxavm4bh27wghpsbg38owa694q:latest/roc_table.table.json", "_latest_artifact_path": "wandb-client-artifact://7s1szr6xrch4irc5f4cvxgj0o1bpgecj6r8m76pjga13r6mxw955jt93pdpceisobcy4isgw07p07hzoyeeag5b6q8lymahej0ptzpaxavm4bh27wghpsbg38owa694q:latest/roc_table.table.json", "path": "media/table/roc_table_1_cafc9cd297d4944c46e5.table.json", "ncols": 3, "nrows": 338}, "_wandb": {"runtime": 101}}