{"Test set CV accuracies": [0.9047619047619048, 0.8829787234042553, 0.9095744680851063, 0.8723404255319149, 0.8829787234042553, 0.9042553191489362, 0.8670212765957447, 0.8723404255319149, 0.8936170212765957, 0.8617021276595744], "Average test set accuracy": 0.8851570415400202, "Average test set F1": 0.4646512309541834, "_timestamp": 1709152239.0415099, "_runtime": 62.573014974594116, "_step": 1, "roc_table": {"_type": "table-file", "sha256": "7e770d3703c73c11caa57817c965676cfe89c09bcd123fff4ff200f599e4e88a", "size": 5213, "artifact_path": "wandb-client-artifact://t7bx3rxxkiuc21yjec8l2e49fjmb0mpn7nq7pmtx8num12s91cthm8d9nfa7sqf08choeevzi5xfstbvd1fgpzqsnk9z8qg9ewoeir8duuzc6e6njjrsr8ru4sa0ktwe:latest/roc_table.table.json", "_latest_artifact_path": "wandb-client-artifact://t7bx3rxxkiuc21yjec8l2e49fjmb0mpn7nq7pmtx8num12s91cthm8d9nfa7sqf08choeevzi5xfstbvd1fgpzqsnk9z8qg9ewoeir8duuzc6e6njjrsr8ru4sa0ktwe:latest/roc_table.table.json", "path": "media/table/roc_table_1_7e770d3703c73c11caa5.table.json", "ncols": 3, "nrows": 275}, "_wandb": {"runtime": 61}}