{"Test set CV accuracies": [0.8655913978494624, 0.8548387096774194, 0.8655913978494624, 0.8333333333333334, 0.8709677419354839, 0.8494623655913979, 0.8655913978494624, 0.8494623655913979, 0.8709677419354839, 0.8432432432432433], "Average test set accuracy": 0.8569049694856148, "Average test set F1": 0.1596113593694239, "_timestamp": 1709191604.3776221, "_runtime": 45.620808124542236, "_step": 1, "roc_table": {"_type": "table-file", "sha256": "8ee3be9ecba2b560086e2beb7cc323bc1c1ac759fd282e36156db9921c2d6fd1", "size": 5138, "artifact_path": "wandb-client-artifact://ehiseoj4ve5z9ht5h37245mh6dgavkybgip4f0hzupk6ulfki0yvky53ih8h4p46v3m4ggexepf8y92lz9p4t8i8dfdrwztlwe4hmw0408eb175k884bfav1g3gr25bz:latest/roc_table.table.json", "_latest_artifact_path": "wandb-client-artifact://ehiseoj4ve5z9ht5h37245mh6dgavkybgip4f0hzupk6ulfki0yvky53ih8h4p46v3m4ggexepf8y92lz9p4t8i8dfdrwztlwe4hmw0408eb175k884bfav1g3gr25bz:latest/roc_table.table.json", "path": "media/table/roc_table_1_8ee3be9ecba2b560086e.table.json", "ncols": 3, "nrows": 272}, "_wandb": {"runtime": 44}}