{"Test set Accuracy": 0.7956254272043746, "Test set F1": 0.4486785494775661, "_timestamp": 1709796817.824668, "_runtime": 382.112890958786, "_step": 2, "CV accuracies": [0.9030408773678963, 0.9049102691924227, 0.9049102691924227, 0.8978065802592223, 0.9022809422909136, 0.9040259254642902, 0.9040259254642902, 0.9037766421538078, 0.9007852424280195, 0.9051477003614607], "Average CV accuracy": 0.9030710374174745, "Average CV F1": 0.6019163286813851, "roc_table": {"_type": "table-file", "sha256": "ad08a577cf909b62a68bf4103fd2df2c16cf7be408becc8e720c85b2e548a170", "size": 6035, "artifact_path": "wandb-client-artifact://fz1blahv89jubm0lamlmpm69va3hy168s00ksbp5vdcqqjexadpszii0fjmpahf5bcnkicygu0xsco3xwu8bgk9nzph7kb3drt87afiw7c424s6qjkvh5ttf82rwqhhy:latest/roc_table.table.json", "_latest_artifact_path": "wandb-client-artifact://fz1blahv89jubm0lamlmpm69va3hy168s00ksbp5vdcqqjexadpszii0fjmpahf5bcnkicygu0xsco3xwu8bgk9nzph7kb3drt87afiw7c424s6qjkvh5ttf82rwqhhy:latest/roc_table.table.json", "path": "media/table/roc_table_2_ad08a577cf909b62a68b.table.json", "ncols": 3, "nrows": 321}, "_wandb": {"runtime": 381}}