{"Test set Accuracy": 0.7397540983606558, "Test set F1": 0.5534574814428962, "_timestamp": 1712835651.500064, "_runtime": 207.9590539932251, "_step": 2, "CV accuracies": [0.8931029828586854, 0.8945201781616953, 0.8938453232555, 0.8950529796854964, 0.8911385570628332], "Average CV accuracy": 0.893532004204842, "Average CV F1": 0.5910741752878206, "roc_table": {"_type": "table-file", "sha256": "590ff6e29b65049d55f5acf2feefdad97f4ec0c107adfad849532e0e72ec969f", "size": 6136, "artifact_path": "wandb-client-artifact://m0qyawmpm2lk3oha4e3syl4nme20hozh07zr8v6ibsjgwzvogxpv7s6jyvuaxqqx4cpf4shwnalg4z9vh7q97hm4r4jw948h6etf9t1cb34nko3528owzxb1dlsep6nn:latest/roc_table.table.json", "_latest_artifact_path": "wandb-client-artifact://m0qyawmpm2lk3oha4e3syl4nme20hozh07zr8v6ibsjgwzvogxpv7s6jyvuaxqqx4cpf4shwnalg4z9vh7q97hm4r4jw948h6etf9t1cb34nko3528owzxb1dlsep6nn:latest/roc_table.table.json", "path": "media/table/roc_table_2_590ff6e29b65049d55f5.table.json", "ncols": 3, "nrows": 326}, "_wandb": {"runtime": 207}}