{"Test set Accuracy": 0.7748158274474064, "Test set F1": 0.4496008910339707, "_timestamp": 1709797432.2573, "_runtime": 188.10608983039856, "_step": 2, "CV accuracies": [0.9290833177540974, 0.9262790552751293, 0.9269022247149, 0.9279616127625101, 0.9263367817524617], "Average CV accuracy": 0.9273125984518197, "Average CV F1": 0.725745153661216, "roc_table": {"_type": "table-file", "sha256": "c0b6aeb168cdb8c7ae98f8b56fb5e73d4ada2dcdc886c235075e650a750b96fa", "size": 6285, "artifact_path": "wandb-client-artifact://p5oc6dkspltncctsyv15jz0llgtdunkje9o0edktpfmi9b0jr7h86kw7ppxq5bjf3k5xblf08f5ktqinmrz6st8i6tdpv7f4zpzgdrl611cze37skort23q2n46t54tj:latest/roc_table.table.json", "_latest_artifact_path": "wandb-client-artifact://p5oc6dkspltncctsyv15jz0llgtdunkje9o0edktpfmi9b0jr7h86kw7ppxq5bjf3k5xblf08f5ktqinmrz6st8i6tdpv7f4zpzgdrl611cze37skort23q2n46t54tj:latest/roc_table.table.json", "path": "media/table/roc_table_2_c0b6aeb168cdb8c7ae98.table.json", "ncols": 3, "nrows": 333}, "_wandb": {"runtime": 187}}