{"Test set CV accuracies": [0.8624338624338624, 0.8882978723404256, 0.8936170212765957, 0.8670212765957447, 0.8723404255319149, 0.8829787234042553, 0.8936170212765957, 0.8617021276595744, 0.8776595744680851, 0.8670212765957447], "Average test set accuracy": 0.8766689181582799, "Average test set F1": 0.37988674268520223, "_timestamp": 1709227018.2994921, "_runtime": 52.98405122756958, "_step": 1, "roc_table": {"_type": "table-file", "sha256": "90694af7c559c9f580355c8451a74db0c941a07e4c607cf798f7400c9e1ba5cf", "size": 4874, "artifact_path": "wandb-client-artifact://d9s565w1ia3dkw19gwopp3r8ao5c6sez9vfynghh2iifomgz99xvzzpmhfym2024vvx7hfsm3acp9m4bk01rbzfm8g31ls8fxm8opx80ds2yll4ol61fvfhhs38znzif:latest/roc_table.table.json", "_latest_artifact_path": "wandb-client-artifact://d9s565w1ia3dkw19gwopp3r8ao5c6sez9vfynghh2iifomgz99xvzzpmhfym2024vvx7hfsm3acp9m4bk01rbzfm8g31ls8fxm8opx80ds2yll4ol61fvfhhs38znzif:latest/roc_table.table.json", "path": "media/table/roc_table_1_90694af7c559c9f58035.table.json", "ncols": 3, "nrows": 258}, "_wandb": {"runtime": 52}}