{"Test set CV accuracies": [0.91005291005291, 0.8776595744680851, 0.8723404255319149, 0.8776595744680851, 0.8829787234042553, 0.8723404255319149, 0.8829787234042553, 0.8563829787234043, 0.851063829787234, 0.8882978723404256], "Average test set accuracy": 0.8771755037712484, "Average test set F1": 0.3973569043503401, "_timestamp": 1709284145.769716, "_runtime": 76.72942113876343, "_step": 1, "roc_table": {"_type": "table-file", "sha256": "29c5fca90eaaf89d66db013279be8df3260e3a7d95ce1cf47f53ea2b7644174f", "size": 5078, "artifact_path": "wandb-client-artifact://1czau89gnudafxqsvxxhqzyuyd87r6qu3ki80y8o1r6kpo4eklfnnfxc59akg3bdzb3lbeapv5wg5yqbegejpmc2y4z3w0t910wmy1whck723iq12ybyodke71ibn9p2:latest/roc_table.table.json", "_latest_artifact_path": "wandb-client-artifact://1czau89gnudafxqsvxxhqzyuyd87r6qu3ki80y8o1r6kpo4eklfnnfxc59akg3bdzb3lbeapv5wg5yqbegejpmc2y4z3w0t910wmy1whck723iq12ybyodke71ibn9p2:latest/roc_table.table.json", "path": "media/table/roc_table_1_29c5fca90eaaf89d66db.table.json", "ncols": 3, "nrows": 268}, "_wandb": {"runtime": 75}}