{"Test set Accuracy": 0.7648144205521255, "Test set F1": 0.5478854024556616, "_timestamp": 1715610276.2027562, "_runtime": 194.66206908226013, "_step": 2, "CV accuracies": [0.9055679529744735, 0.9057261049423035, 0.9067058567385151, 0.9065969954278249, 0.9073045939473111], "Average CV accuracy": 0.9063803008060856, "Average CV F1": 0.5623624893741861, "roc_table": {"_type": "table-file", "sha256": "100a2e75acb698d5086772491cb7d3cd21059857e678132769081a45e6477ef3", "size": 6439, "artifact_path": "wandb-client-artifact://6nzqe1h07tyw1g4m0gqitoe3791ky8lmll452oh2ljyytmt8byrrpiu55zg92znv10lyl80ilouns4wda5w7h49s238unae2ocw2jj9ka581zc0im6mw0f325ijurfaw:latest/roc_table.table.json", "_latest_artifact_path": "wandb-client-artifact://6nzqe1h07tyw1g4m0gqitoe3791ky8lmll452oh2ljyytmt8byrrpiu55zg92znv10lyl80ilouns4wda5w7h49s238unae2ocw2jj9ka581zc0im6mw0f325ijurfaw:latest/roc_table.table.json", "path": "media/table/roc_table_2_100a2e75acb698d50867.table.json", "ncols": 3, "nrows": 343}, "_wandb": {"runtime": 192}}