{"Test set CV accuracies": [0.8571428571428571, 0.8723404255319149, 0.8457446808510638, 0.8723404255319149, 0.8776595744680851, 0.8829787234042553, 0.8723404255319149, 0.8670212765957447, 0.8829787234042553, 0.898936170212766], "Average test set accuracy": 0.8729483282674773, "Average test set F1": 0.38425453967060863, "_timestamp": 1709227147.803806, "_runtime": 55.4451379776001, "_step": 1, "roc_table": {"_type": "table-file", "sha256": "f57017fc05f3e3ea69ed6efb163a79cf449b8441bfc796b560e6133013d07cc8", "size": 4972, "artifact_path": "wandb-client-artifact://hlnes1y62ekzrx8fwbjflkp1ez3hxbd4aw8s67uir486z4u11pr4k5pu68sg9ik9icxw2ou58lvvu3y3gytxf2tam0tam5pjyrfkths54hhvqdgy3ro5pzhk2iu6o3b1:latest/roc_table.table.json", "_latest_artifact_path": "wandb-client-artifact://hlnes1y62ekzrx8fwbjflkp1ez3hxbd4aw8s67uir486z4u11pr4k5pu68sg9ik9icxw2ou58lvvu3y3gytxf2tam0tam5pjyrfkths54hhvqdgy3ro5pzhk2iu6o3b1:latest/roc_table.table.json", "path": "media/table/roc_table_1_f57017fc05f3e3ea69ed.table.json", "ncols": 3, "nrows": 262}, "_wandb": {"runtime": 55}}