{"test set BCE": 0.08715043216943741, "test set Precision": 0.0, "test set Recall": 0.0, "_timestamp": 1744048576.101813, "_runtime": 12.87451696395874, "_step": 0, "_wandb": {"runtime": 11}}