{"Test set Accuracy": 0.8136625279482422, "Test set F1": 0.43729349231432263, "_timestamp": 1715941981.550528, "_runtime": 13.174865961074829, "_step": 0, "_wandb": {"runtime": 67}}