{"Test set Accuracy": 0.8136625279482422, "Test set F1": 0.43729349231432263, "_timestamp": 1715932512.829698, "_runtime": 13.708091974258423, "_step": 0, "_wandb": {"runtime": 56}}