{"Test set Accuracy": 0.7844611528822055, "Test set F1": 0.4448356807511737, "_timestamp": 1709797827.3338492, "_runtime": 170.40503025054932, "_step": 2, "CV accuracies": [0.8971770424378388, 0.8944350969028478, 0.8933133919112607, 0.8977378949336324, 0.89872865511654], "Average CV accuracy": 0.896278416260424, "Average CV F1": 0.5761329320742743, "roc_table": {"_type": "table-file", "sha256": "6a39d2c64f3f0f9acbd324101be632b227b39e9d7cc8b5fcde2c77b1cbd3ba8f", "size": 6391, "artifact_path": "wandb-client-artifact://hjdx4379mpuoqf1v8ptd2hb7mz5x1awce9y561mj8u2w6f6zl8fqifwpoyyyf0pn8a16g17jn3kwj85fox23rwple63e854jqgb2qexxf6sy5udyi6bj4ne6253mo5oc:latest/roc_table.table.json", "_latest_artifact_path": "wandb-client-artifact://hjdx4379mpuoqf1v8ptd2hb7mz5x1awce9y561mj8u2w6f6zl8fqifwpoyyyf0pn8a16g17jn3kwj85fox23rwple63e854jqgb2qexxf6sy5udyi6bj4ne6253mo5oc:latest/roc_table.table.json", "path": "media/table/roc_table_2_6a39d2c64f3f0f9acbd3.table.json", "ncols": 3, "nrows": 341}, "_wandb": {"runtime": 170}}