{"Test set Accuracy": 0.5819852661957925, "Test set F1": 0.33413984998790225, "_timestamp": 1709798032.132128, "_runtime": 169.308856010437, "_step": 2, "CV accuracies": [0.8633389418582913, 0.8656446687854428, 0.8619056521468187, 0.861282482707048, 0.8656986164776268], "Average CV accuracy": 0.8635740723950456, "Average CV F1": 0.3255008903308962, "roc_table": {"_type": "table-file", "sha256": "88e08b3acab1f23a823efb39343f5c959112d0dd15b00162e05d359ae2e456d5", "size": 5283, "artifact_path": "wandb-client-artifact://wuxdmrqkc1e9w1rk2vsr5ga7uoi7dmz4hcp36juwgr7q6ctnftuov665j829j6zn57t7qqnv63nfqqikz996hk4pygwys8jk64bz66shn1vfmfpr7ef7diihc37sxf36:latest/roc_table.table.json", "_latest_artifact_path": "wandb-client-artifact://wuxdmrqkc1e9w1rk2vsr5ga7uoi7dmz4hcp36juwgr7q6ctnftuov665j829j6zn57t7qqnv63nfqqikz996hk4pygwys8jk64bz66shn1vfmfpr7ef7diihc37sxf36:latest/roc_table.table.json", "path": "media/table/roc_table_2_88e08b3acab1f23a823e.table.json", "ncols": 3, "nrows": 281}, "_wandb": {"runtime": 168}}