{"Test set Accuracy": 0.7312378167641326, "Test set F1": 0.5346646041344396, "_timestamp": 1715682416.380353, "_runtime": 189.37929105758667, "_step": 2, "CV accuracies": [0.8923127716942717, 0.8959445330985528, 0.8974852803609751, 0.8958344797226655, 0.8939027074620295], "Average CV accuracy": 0.8950959544676989, "Average CV F1": 0.5443959160272562, "roc_table": {"_type": "table-file", "sha256": "2e67092eefccb3b1aa03e740ae676992a717a961c41d9d8c74f2a9935795f7d9", "size": 6269, "artifact_path": "wandb-client-artifact://ct2ghvuy1inzpvc34rx3c98238zkiyy63ixqoyo087y5bhb6fd9n0q3pnh632b87nx4qqqgal8jz5pc5ay2zf66thixecw1l87c1blvkdh34hutn9tqutp95b4u5fdtk:latest/roc_table.table.json", "_latest_artifact_path": "wandb-client-artifact://ct2ghvuy1inzpvc34rx3c98238zkiyy63ixqoyo087y5bhb6fd9n0q3pnh632b87nx4qqqgal8jz5pc5ay2zf66thixecw1l87c1blvkdh34hutn9tqutp95b4u5fdtk:latest/roc_table.table.json", "path": "media/table/roc_table_2_2e67092eefccb3b1aa03.table.json", "ncols": 3, "nrows": 333}, "_wandb": {"runtime": 188}}