{"Test set Accuracy": 0.7448830409356725, "Test set F1": 0.5377483443708609, "_timestamp": 1715684417.856065, "_runtime": 247.19842314720154, "_step": 2, "CV accuracies": [0.8933032520772575, 0.8936884388928631, 0.896549826665933, 0.8955593462829472, 0.8975346687211094], "Average CV accuracy": 0.8953271065280219, "Average CV F1": 0.5448973061169704, "roc_table": {"_type": "table-file", "sha256": "0e549d5a64488b822f3cfa429f7711e72f44328923d0547ad42b1fefa6de35e7", "size": 6105, "artifact_path": "wandb-client-artifact://zoejso6woanbna4fn07piibr3ijo3n758kk3b1wtx17h5gpywt2tc4p2qgwhvuh395pxftnt8y2csovixke4npe7two3732wpdyrx7m5yu0j7gqkwttg7x5l0vyyy6o6:latest/roc_table.table.json", "_latest_artifact_path": "wandb-client-artifact://zoejso6woanbna4fn07piibr3ijo3n758kk3b1wtx17h5gpywt2tc4p2qgwhvuh395pxftnt8y2csovixke4npe7two3732wpdyrx7m5yu0j7gqkwttg7x5l0vyyy6o6:latest/roc_table.table.json", "path": "media/table/roc_table_2_0e549d5a64488b822f3c.table.json", "ncols": 3, "nrows": 325}, "_wandb": {"runtime": 246}}