{"Test set Accuracy": 0.6851218956482115, "Test set F1": 0.4162207828780625, "_timestamp": 1711053620.8694222, "_runtime": 276.65569829940796, "_step": 2, "CV accuracies": [0.8972360453264584, 0.8941719630651157, 0.892253267777911, 0.893512411560139, 0.8947715553423672], "Average CV accuracy": 0.8943890486143984, "Average CV F1": 0.5532685495703478, "roc_table": {"_type": "table-file", "sha256": "b2d86bddc76ab92d9761218bea42a77aac49ea5385dd403facde971b9ec3bdea", "size": 6053, "artifact_path": "wandb-client-artifact://vw8chac4jvotqi6mqnhq9ce2ida8wshcq03yan0yvfrydctahxk7w5vrhbzvlraq5oicooiykam8il175x93lpk4topgfuq95sn11g22h7zjifppo6tyungv5vvb8nv8:latest/roc_table.table.json", "_latest_artifact_path": "wandb-client-artifact://vw8chac4jvotqi6mqnhq9ce2ida8wshcq03yan0yvfrydctahxk7w5vrhbzvlraq5oicooiykam8il175x93lpk4topgfuq95sn11g22h7zjifppo6tyungv5vvb8nv8:latest/roc_table.table.json", "path": "media/table/roc_table_2_b2d86bddc76ab92d9761.table.json", "ncols": 3, "nrows": 321}, "_wandb": {"runtime": 276}}