{"Test set CV accuracies": [0.9696279422930904, 0.9582384206529992, 0.9612756264236902, 0.9635535307517085, 0.958997722095672, 0.9703872437357631, 0.9627942293090357, 0.9703647416413373, 0.9612462006079028, 0.9620060790273556], "Average test set accuracy": 0.9638491736538555, "Average test set F1": 0.8672786138321189, "_timestamp": 1709657600.867467, "_runtime": 122.08106184005737, "_step": 1, "roc_table": {"_type": "table-file", "sha256": "e1681ba150438a0b365d4af567b512575945a5216454d415ce484f67b90e3a07", "size": 6235, "artifact_path": "wandb-client-artifact://5lsau6k98tp7l9x16cxdm02prf2mscslw7i8p8hc5p1w0b47q3ip0zz6m1xvmtp3o3mgx58biykoaia1q87wf7dbfzawoejt8xqczo722k5lvkar5d3smix2e5glhtw1:latest/roc_table.table.json", "_latest_artifact_path": "wandb-client-artifact://5lsau6k98tp7l9x16cxdm02prf2mscslw7i8p8hc5p1w0b47q3ip0zz6m1xvmtp3o3mgx58biykoaia1q87wf7dbfzawoejt8xqczo722k5lvkar5d3smix2e5glhtw1:latest/roc_table.table.json", "path": "media/table/roc_table_1_e1681ba150438a0b365d.table.json", "ncols": 3, "nrows": 331}, "_wandb": {"runtime": 121}}