{"Test set Accuracy": 0.7551628699169682, "Test set F1": 0.5471252297190863, "_timestamp": 1715706067.707644, "_runtime": 340.4362609386444, "_step": 2, "CV accuracies": [0.9040439775757906, 0.908447637709558, 0.9049640757674723, 0.9019159590681471, 0.9059982582190289], "Average CV accuracy": 0.9050739816679993, "Average CV F1": 0.5542005406404027, "roc_table": {"_type": "table-file", "sha256": "52dfebac534a7c7b036a846e068f2dd5b736bb4bd24ceda15e2d3f08eaa7c2cd", "size": 6371, "artifact_path": "wandb-client-artifact://8com5g16l0xz2tx51tapdoj1pydubktswsf0xa97g4qkurkepopzgkz57dt78moecrb2dzzxzgankp2tv3lb2cj9478fik57ud4qcxreyqaa18414hgozxrojam9d36t:latest/roc_table.table.json", "_latest_artifact_path": "wandb-client-artifact://8com5g16l0xz2tx51tapdoj1pydubktswsf0xa97g4qkurkepopzgkz57dt78moecrb2dzzxzgankp2tv3lb2cj9478fik57ud4qcxreyqaa18414hgozxrojam9d36t:latest/roc_table.table.json", "path": "media/table/roc_table_2_52dfebac534a7c7b036a.table.json", "ncols": 3, "nrows": 339}, "_wandb": {"runtime": 339}}