{"Test set Accuracy": 0.7636789440068129, "Test set F1": 0.5526598602901666, "_timestamp": 1713165207.4208992, "_runtime": 204.78344011306763, "_step": 2, "CV accuracies": [0.8952483119833406, 0.8989083107212722, 0.9000441723985613, 0.8978922125457529, 0.8978922125457529], "Average CV accuracy": 0.897997044038936, "Average CV F1": 0.5788729788225951, "roc_table": {"_type": "table-file", "sha256": "8cabe4d8517f3ec177737234b74e3bb456f6a0d7a7743c5d454d50971c01a4b6", "size": 6268, "artifact_path": "wandb-client-artifact://jpzaczgcfw52w9tn2gaqo0cjilgprpwsja08180drfpymlt3jhi5o91bghntjmtky8n507j7zrzc1gg55odfbaf056tot2f1y6ywaer3rkhyh7z19naonn3q1r7o5asi:latest/roc_table.table.json", "_latest_artifact_path": "wandb-client-artifact://jpzaczgcfw52w9tn2gaqo0cjilgprpwsja08180drfpymlt3jhi5o91bghntjmtky8n507j7zrzc1gg55odfbaf056tot2f1y6ywaer3rkhyh7z19naonn3q1r7o5asi:latest/roc_table.table.json", "path": "media/table/roc_table_2_8cabe4d8517f3ec17773.table.json", "ncols": 3, "nrows": 334}, "_wandb": {"runtime": 204}}