{"test set BCE": 0.22655385732650757, "test set Precision": 0.7227914451510036, "test set Recall": 0.47319543031816014, "_timestamp": 1744050832.139006, "_runtime": 13.715723991394043, "_step": 0, "_wandb": {"runtime": 13}}