{"Test set CV accuracies": [0.8412698412698413, 0.8829787234042553, 0.8351063829787234, 0.8723404255319149, 0.8882978723404256, 0.8882978723404256, 0.8936170212765957, 0.8617021276595744, 0.8670212765957447, 0.8723404255319149], "Average test set accuracy": 0.8702971968929416, "Average test set F1": 0.366271402965883, "_timestamp": 1709284008.637218, "_runtime": 87.53568196296692, "_step": 1, "roc_table": {"_type": "table-file", "sha256": "8e182cd8096897b65f1108d6ab78abf9b94178c3e98d47290e3cfed557c38069", "size": 5158, "artifact_path": "wandb-client-artifact://wpuqk622995qt7dysvpz8xdkihd3evjzalxpupqu3repfuid2wnnnmedd158xd26pakeuhwe14oboqndl88q8toi1ebjp81f261oo2f2z754hckj4r9m700ssp6a6a16:latest/roc_table.table.json", "_latest_artifact_path": "wandb-client-artifact://wpuqk622995qt7dysvpz8xdkihd3evjzalxpupqu3repfuid2wnnnmedd158xd26pakeuhwe14oboqndl88q8toi1ebjp81f261oo2f2z754hckj4r9m700ssp6a6a16:latest/roc_table.table.json", "path": "media/table/roc_table_1_8e182cd8096897b65f11.table.json", "ncols": 3, "nrows": 272}, "_wandb": {"runtime": 86}}