{"Test set Accuracy": 0.7632718159033949, "Test set F1": 0.4308928245389812, "_timestamp": 1711053973.6616561, "_runtime": 250.15964722633362, "_step": 2, "CV accuracies": [0.8930991066610708, 0.8969300875404724, 0.8928528600551625, 0.8940520446096655, 0.8940520446096655], "Average CV accuracy": 0.8941972286952075, "Average CV F1": 0.5545569009530397, "roc_table": {"_type": "table-file", "sha256": "6cf399c9493b8f2e19c640fd465012b7256d89489190c2800afb9657c4fa7899", "size": 6147, "artifact_path": "wandb-client-artifact://r7fisc2hlxmigqfh667md3q7elh0ybnop0dtxwcu5kqix9jsb4nd1ycn5s6e289wqd8ru1hgny13wedj888r1ghql99grg1k1oav2ns46xl67d8ttarzh3wo6vp6k0qp:latest/roc_table.table.json", "_latest_artifact_path": "wandb-client-artifact://r7fisc2hlxmigqfh667md3q7elh0ybnop0dtxwcu5kqix9jsb4nd1ycn5s6e289wqd8ru1hgny13wedj888r1ghql99grg1k1oav2ns46xl67d8ttarzh3wo6vp6k0qp:latest/roc_table.table.json", "path": "media/table/roc_table_2_6cf399c9493b8f2e19c6.table.json", "ncols": 3, "nrows": 327}, "_wandb": {"runtime": 249}}