{"Test set Accuracy": 0.6678021432119793, "Test set F1": 0.41494813148356446, "_timestamp": 1711094455.911309, "_runtime": 100.59578108787537, "_step": 2, "CV accuracies": [0.952465413267116, 0.9499645138396026, 0.9488999290276792, 0.9425124201561391, 0.9556422995031938], "Average CV accuracy": 0.9498969151587462, "Average CV F1": 0.6870533848251427, "roc_table": {"_type": "table-file", "sha256": "974fd2aa19a94be07544b3e5047c4bbf1d72a4da1a5d2059ad43b8de1979a169", "size": 7040, "artifact_path": "wandb-client-artifact://2kw5zxqsq46xunm1m35rkdaaomksj2ha9xrbw8cpsti8ukbr2t5l9bvxk3g7e3icowxk71unimfiwzpu78kprln6jsh9htfnegbukqamp33kx2h7nw5vrxhn16xqsox0:latest/roc_table.table.json", "_latest_artifact_path": "wandb-client-artifact://2kw5zxqsq46xunm1m35rkdaaomksj2ha9xrbw8cpsti8ukbr2t5l9bvxk3g7e3icowxk71unimfiwzpu78kprln6jsh9htfnegbukqamp33kx2h7nw5vrxhn16xqsox0:latest/roc_table.table.json", "path": "media/table/roc_table_2_974fd2aa19a94be07544.table.json", "ncols": 3, "nrows": 374}, "_wandb": {"runtime": 100}}