{"Test set CV accuracies": [0.8835978835978836, 0.8829787234042553, 0.8723404255319149, 0.8191489361702128, 0.8936170212765957, 0.898936170212766, 0.851063829787234, 0.8670212765957447, 0.8829787234042553, 0.8723404255319149], "Average test set accuracy": 0.8724023415512777, "Average test set F1": 0.37418403995803373, "_timestamp": 1709283759.462688, "_runtime": 64.17877006530762, "_step": 1, "roc_table": {"_type": "table-file", "sha256": "e0531c6e4fba4e48842c27532a3a22526a56ed972af03039a4cae7ad5d81fd1b", "size": 5142, "artifact_path": "wandb-client-artifact://d8h47rhl0imk0y508r9laseo5ldeg69elnxp2yjxulkxf1zep643bw392ne1xl03jv2nsqh4cv2jith98ussreh3kw6djli9l1c0ot1fz4g3dmscjwbq5vawjaiajnrq:latest/roc_table.table.json", "_latest_artifact_path": "wandb-client-artifact://d8h47rhl0imk0y508r9laseo5ldeg69elnxp2yjxulkxf1zep643bw392ne1xl03jv2nsqh4cv2jith98ussreh3kw6djli9l1c0ot1fz4g3dmscjwbq5vawjaiajnrq:latest/roc_table.table.json", "path": "media/table/roc_table_1_e0531c6e4fba4e48842c.table.json", "ncols": 3, "nrows": 272}, "_wandb": {"runtime": 63}}