{"Test set Accuracy": 0.7606273507912852, "Test set F1": 0.5477946105376056, "_timestamp": 1713166785.366237, "_runtime": 221.1810839176178, "_step": 2, "CV accuracies": [0.906384368366625, 0.9064337034617896, 0.9055628129762683, 0.9056716742869584, 0.9063248421510995], "Average CV accuracy": 0.9060754802485482, "Average CV F1": 0.561137538801289, "roc_table": {"_type": "table-file", "sha256": "afddfc38027d02e17800a2f2aa789529a11ef36956d254435d06de470c74f2ea", "size": 6353, "artifact_path": "wandb-client-artifact://71gxxebwvd4dzkd9jddbxnpbvtxb2v937iaikq0s6iljnu4h6vjgf49ehtvdggfbbbs81qshy5c53dwc9zvyhb4uqm4z6l7yads0b68oub6742n95e4m3bw7f1pt6l0g:latest/roc_table.table.json", "_latest_artifact_path": "wandb-client-artifact://71gxxebwvd4dzkd9jddbxnpbvtxb2v937iaikq0s6iljnu4h6vjgf49ehtvdggfbbbs81qshy5c53dwc9zvyhb4uqm4z6l7yads0b68oub6742n95e4m3bw7f1pt6l0g:latest/roc_table.table.json", "path": "media/table/roc_table_2_afddfc38027d02e17800.table.json", "ncols": 3, "nrows": 339}, "_wandb": {"runtime": 220}}