{"Test set Accuracy": 0.7581434958484139, "Test set F1": 0.5427958143278776, "_timestamp": 1716119378.0927758, "_runtime": 177.7073619365692, "_step": 2, "CV accuracies": [0.9052294672887057, 0.9058261907345123, 0.9072366279700553, 0.9085385700336335, 0.9079911029132534], "Average CV accuracy": 0.906964391788032, "Average CV F1": 0.5683018826191859, "roc_table": {"_type": "table-file", "sha256": "69f23bc7c69a36e2f0d19f16138de4c34a1425060352c22d7cf696e9dceec4ba", "size": 6313, "artifact_path": "wandb-client-artifact://nr2a1y3tsaa6ttgg3rqe7k030s0d5g8mdlztq7hh1564iy4o829v276xjki0iui822p64s72qt1i2urm1k8j104jz20gw2miqxdqfp5pmfk87ip079u7eo6im0ud35hl:latest/roc_table.table.json", "_latest_artifact_path": "wandb-client-artifact://nr2a1y3tsaa6ttgg3rqe7k030s0d5g8mdlztq7hh1564iy4o829v276xjki0iui822p64s72qt1i2urm1k8j104jz20gw2miqxdqfp5pmfk87ip079u7eo6im0ud35hl:latest/roc_table.table.json", "path": "media/table/roc_table_2_69f23bc7c69a36e2f0d1.table.json", "ncols": 3, "nrows": 335}, "_wandb": {"runtime": 177}}