{"Test set Accuracy": 0.7564402810304449, "Test set F1": 0.5426439232409381, "_timestamp": 1715930408.978522, "_runtime": 137.60996198654175, "_step": 2, "CV accuracies": [0.9070738852121081, 0.9033308017793208, 0.9077248562438971, 0.9064771617663014, 0.9094016166657625], "Average CV accuracy": 0.906801664333478, "Average CV F1": 0.565669740390481, "roc_table": {"_type": "table-file", "sha256": "e59a3b2b01369fd404fb35b5bb659113f43ab8414083cae91e30f98d85565172", "size": 6263, "artifact_path": "wandb-client-artifact://yqw64h34zmw767dklpyxyog00hsqwu24ouu6ud843my0nmryqtw33l4gfr2yb25y5qxw1qxlcpl1p9xz3l746pgh2iw553cvhnftzuqhymghbcuxnthbvwud2sr1yjkh:latest/roc_table.table.json", "_latest_artifact_path": "wandb-client-artifact://yqw64h34zmw767dklpyxyog00hsqwu24ouu6ud843my0nmryqtw33l4gfr2yb25y5qxw1qxlcpl1p9xz3l746pgh2iw553cvhnftzuqhymghbcuxnthbvwud2sr1yjkh:latest/roc_table.table.json", "path": "media/table/roc_table_2_e59a3b2b01369fd404fb.table.json", "ncols": 3, "nrows": 333}, "_wandb": {"runtime": 136}}