{"Test set CV accuracies": [0.8994708994708994, 0.8723404255319149, 0.8723404255319149, 0.8723404255319149, 0.8723404255319149, 0.8829787234042553, 0.8936170212765957, 0.9042553191489362, 0.8882978723404256, 0.9042553191489362], "Average test set accuracy": 0.8862236856917708, "Average test set F1": 0.48967711962833915, "_timestamp": 1709226453.389097, "_runtime": 47.69705104827881, "_step": 1, "roc_table": {"_type": "table-file", "sha256": "197d411944e26489c897f554becd79f96cbe789b91cdca30087e362b9d3f1cff", "size": 5305, "artifact_path": "wandb-client-artifact://jtjp4y1k4fb3z8hkszbb15i0bjmr2qkbzq76azseygr75h23cwm39j4lq25gdhjxjhlrogy3al8a30g9rgl6yn5eipihvues3mkafx5auh9clemr5kruzhksivu4kkkd:latest/roc_table.table.json", "_latest_artifact_path": "wandb-client-artifact://jtjp4y1k4fb3z8hkszbb15i0bjmr2qkbzq76azseygr75h23cwm39j4lq25gdhjxjhlrogy3al8a30g9rgl6yn5eipihvues3mkafx5auh9clemr5kruzhksivu4kkkd:latest/roc_table.table.json", "path": "media/table/roc_table_1_197d411944e26489c897.table.json", "ncols": 3, "nrows": 281}, "_wandb": {"runtime": 46}}