{"Test set Accuracy": 0.7704868231184021, "Test set F1": 0.45549549549549545, "_timestamp": 1711053281.15033, "_runtime": 231.56217312812805, "_step": 2, "CV accuracies": [0.9014762917552859, 0.9022208320300281, 0.9009071004066312, 0.90284641851736, 0.9002189552705662], "Average CV accuracy": 0.9015339195959744, "Average CV F1": 0.5920976518219965, "roc_table": {"_type": "table-file", "sha256": "8f81a6c40e70dcf0a10d0651e4689a295d523506ddff4565bdf0ec8deec2fbd7", "size": 5692, "artifact_path": "wandb-client-artifact://29244vt1y3l3uclo7teto4egj4nppe8bvqxnqrtfjgshrgnln6dpxr5xwsrlq7t9jd3xpymubhab83o7ht7eln4o0awqakp779lx0sibvtoa6d36blhrpcxebij2tbby:latest/roc_table.table.json", "_latest_artifact_path": "wandb-client-artifact://29244vt1y3l3uclo7teto4egj4nppe8bvqxnqrtfjgshrgnln6dpxr5xwsrlq7t9jd3xpymubhab83o7ht7eln4o0awqakp779lx0sibvtoa6d36blhrpcxebij2tbby:latest/roc_table.table.json", "path": "media/table/roc_table_2_8f81a6c40e70dcf0a10d.table.json", "ncols": 3, "nrows": 302}, "_wandb": {"runtime": 231}}