{"Test set Accuracy": 0.7465846994535519, "Test set F1": 0.5536692955487235, "_timestamp": 1712849164.331546, "_runtime": 209.9136130809784, "_step": 2, "CV accuracies": [0.8954649750303685, 0.8939128087461196, 0.8926305844243487, 0.89046365661065, 0.8919484376054532], "Average CV accuracy": 0.892884092483388, "Average CV F1": 0.5893942771357232, "roc_table": {"_type": "table-file", "sha256": "3a1ef8845062b5c4700bafeb394a788ac29d02837adfe0eacb0942c5aeddf3e0", "size": 6355, "artifact_path": "wandb-client-artifact://o53iia8n0p88uy20mbhovbic47n3qfnnkrrw2o1vn0npv22p9lq013vbf57iuptls0xy443zs862aqhpjowj77mu2kj7xc4rzgsvsr2yv21rlw5cmfutwg6y1qczwebj:latest/roc_table.table.json", "_latest_artifact_path": "wandb-client-artifact://o53iia8n0p88uy20mbhovbic47n3qfnnkrrw2o1vn0npv22p9lq013vbf57iuptls0xy443zs862aqhpjowj77mu2kj7xc4rzgsvsr2yv21rlw5cmfutwg6y1qczwebj:latest/roc_table.table.json", "path": "media/table/roc_table_2_3a1ef8845062b5c4700b.table.json", "ncols": 3, "nrows": 337}, "_wandb": {"runtime": 209}}