{"Test set Accuracy":0.79227761485826,"roc_table":{"_latest_artifact_path":"wandb-client-artifact://wwrz3h66w54d2zogbisl7q45rl2krhlikf5qv2pe1ccr3xv4q06f1lbph7gbtcfa3bxa1dlj8g5vsvkx7q9i40g2zwwkgb5bk20ae0di9c6qv9xqujuayffr1dz9g1id:latest/roc_table.table.json","path":"media/table/roc_table_2_2bc3bda61b3b50457bf6.table.json","ncols":3,"nrows":322,"_type":"table-file","sha256":"2bc3bda61b3b50457bf6d6f64549d75c68c409883a6c11c50734b9c30798abd1","size":6050,"artifact_path":"wandb-client-artifact://e8kxsq95fzu7k7qgv5ya9jzjebchvjrb4x5jxu6kmlus3zn3m0atud3t48wlxyu1rtsp4d2yey2nl37ttq9v7538hk4oygjkqlq8pjpgfkqkviwums7kkpvo6073nmrj/roc_table.table.json"},"_wandb":{"runtime":193},"_runtime":192.995072,"CV accuracies":[0.9003975616220514,0.8948316989133316,0.8968460111317255,0.8956268221574344,0.8964749536178107],"Test set F1":0.5487638404368269,"Average CV accuracy":0.8968354094884707,"Average CV F1":0.5503830535420382,"_timestamp":1.736556257689076e+09,"_step":2}