{"Test set Accuracy": 0.7652464494569757, "Test set F1": 0.4447637865996048, "_timestamp": 1710795100.901349, "_runtime": 248.14500403404236, "_step": 2, "CV accuracies": [0.9011635180783185, 0.9006568658116985, 0.8989052236471692, 0.8995933687832343, 0.8964654363465749], "Average CV accuracy": 0.8993568825333991, "Average CV F1": 0.5806932946705238, "roc_table": {"_type": "table-file", "sha256": "c197a26ce97b67a9786ef334e37fd5b4db4dc9652bc75c55385e3c11a3163dae", "size": 6037, "artifact_path": "wandb-client-artifact://s1xxxyqdzplz72e4i52u25worvrll5lai1gihnszk34hb2h6i6crcwv66oxdcfmtp3w6zmcvtm5y34bm0bztcnoqljj93r61gv1pl2gcmslmozp5bwajwnjkcab89sxy:latest/roc_table.table.json", "_latest_artifact_path": "wandb-client-artifact://s1xxxyqdzplz72e4i52u25worvrll5lai1gihnszk34hb2h6i6crcwv66oxdcfmtp3w6zmcvtm5y34bm0bztcnoqljj93r61gv1pl2gcmslmozp5bwajwnjkcab89sxy:latest/roc_table.table.json", "path": "media/table/roc_table_2_c197a26ce97b67a9786e.table.json", "ncols": 3, "nrows": 321}, "_wandb": {"runtime": 247}}