{"Test set Accuracy": 0.7272727272727273, "Test set F1": 0.4260827872782484, "_timestamp": 1709800660.396908, "_runtime": 236.4852330684662, "_step": 2, "CV accuracies": [0.897268479693303, 0.8954115250988379, 0.8936743740265963, 0.893787815251902, 0.8952255436410471], "Average CV accuracy": 0.8950735475423374, "Average CV F1": 0.560873129605271, "roc_table": {"_type": "table-file", "sha256": "651d42b506ec2f441b0d0d780b21f8668dccd09eb4c70e982bb8a4cfbcb77da0", "size": 6273, "artifact_path": "wandb-client-artifact://it2osg70gwri2wowvw5nmf70c38hezoqzfwo9i4d6ubz5ha8yqbfespmakmpuop6srv2qavw6vff899vpalrd0rmjvk0g2i16qyctkci5gl25ufq3z88kmvl1i9h1v5e:latest/roc_table.table.json", "_latest_artifact_path": "wandb-client-artifact://it2osg70gwri2wowvw5nmf70c38hezoqzfwo9i4d6ubz5ha8yqbfespmakmpuop6srv2qavw6vff899vpalrd0rmjvk0g2i16qyctkci5gl25ufq3z88kmvl1i9h1v5e:latest/roc_table.table.json", "path": "media/table/roc_table_2_651d42b506ec2f441b0d.table.json", "ncols": 3, "nrows": 333}, "_wandb": {"runtime": 236}}