{"Test set CV accuracies": [0.8571428571428571, 0.9042553191489362, 0.8776595744680851, 0.9095744680851063, 0.8776595744680851, 0.8670212765957447, 0.8776595744680851, 0.8882978723404256, 0.8617021276595744, 0.9095744680851063], "Average test set accuracy": 0.8830547112462005, "Average test set F1": 0.46570128071104666, "_timestamp": 1709283454.212459, "_runtime": 63.84740209579468, "_step": 1, "roc_table": {"_type": "table-file", "sha256": "666e3dce298fd3010bff3e15ffdc62f9e8d59bc96763f34b2317b5133b44e45a", "size": 5033, "artifact_path": "wandb-client-artifact://jk6u5agz2c9jwnsgwrndti0rochsyb625yshd92syf2g2frvus1ado376x6m4cgkc5q2d0ig1zjma5mh9oyafa28ax3ms9rptw5mewetzmxb8s0vv1sbi9wrx9rq6fxb:latest/roc_table.table.json", "_latest_artifact_path": "wandb-client-artifact://jk6u5agz2c9jwnsgwrndti0rochsyb625yshd92syf2g2frvus1ado376x6m4cgkc5q2d0ig1zjma5mh9oyafa28ax3ms9rptw5mewetzmxb8s0vv1sbi9wrx9rq6fxb:latest/roc_table.table.json", "path": "media/table/roc_table_1_666e3dce298fd3010bff.table.json", "ncols": 3, "nrows": 265}, "_wandb": {"runtime": 63}}