{"Test set Accuracy": 0.7685121895648211, "Test set F1": 0.4464220849981838, "_timestamp": 1710797645.585069, "_runtime": 298.66411089897156, "_step": 2, "CV accuracies": [0.9011009633429251, 0.8999061620269002, 0.9037222395996246, 0.8974663747263059, 0.8968407882389741], "Average CV accuracy": 0.899807305586946, "Average CV F1": 0.5826869456085778, "roc_table": {"_type": "table-file", "sha256": "becfd803933baa7cb3c3d304bf9b08a15dc4383aec3124eaa92112b27e9ab54c", "size": 6015, "artifact_path": "wandb-client-artifact://o6n60uzgi0je7i6bcb1koruxy21an435k7q1j3x4x0t80xv5df346j1eprv3powklwnlhh7ge2s8co916cof3ee077kcn3xnn661s8m4o2b6rli1rd94thz1sbvfi7px:latest/roc_table.table.json", "_latest_artifact_path": "wandb-client-artifact://o6n60uzgi0je7i6bcb1koruxy21an435k7q1j3x4x0t80xv5df346j1eprv3powklwnlhh7ge2s8co916cof3ee077kcn3xnn661s8m4o2b6rli1rd94thz1sbvfi7px:latest/roc_table.table.json", "path": "media/table/roc_table_2_becfd803933baa7cb3c3.table.json", "ncols": 3, "nrows": 319}, "_wandb": {"runtime": 298}}