{"Test set CV accuracies": [0.8677248677248677, 0.8882978723404256, 0.8723404255319149, 0.8563829787234043, 0.8829787234042553, 0.8882978723404256, 0.8829787234042553, 0.8936170212765957, 0.8882978723404256, 0.9095744680851063], "Average test set accuracy": 0.8830490825171676, "Average test set F1": 0.4610507363995736, "_timestamp": 1709129146.799145, "_runtime": 50.52617287635803, "_step": 1, "roc_table": {"_type": "table-file", "sha256": "8bd5cbe1695199a50f5937734de48d823177053372f145f50b27e868bb3a0fc6", "size": 5080, "artifact_path": "wandb-client-artifact://lsfua33tofu7wh0n06oxbsw8fbrz13a8yqktnaw7l8glxpmwkcmil6f77yhbk5fl2ynygepi1ayzrg97ki4we3tsi4444d79wzyvf4adkkxh52kff24l1qs7kc0k1wcx:latest/roc_table.table.json", "_latest_artifact_path": "wandb-client-artifact://lsfua33tofu7wh0n06oxbsw8fbrz13a8yqktnaw7l8glxpmwkcmil6f77yhbk5fl2ynygepi1ayzrg97ki4we3tsi4444d79wzyvf4adkkxh52kff24l1qs7kc0k1wcx:latest/roc_table.table.json", "path": "media/table/roc_table_1_8bd5cbe1695199a50f59.table.json", "ncols": 3, "nrows": 268}, "_wandb": {"runtime": 49}}