{"Test set Accuracy": 0.5533530796688692, "Test set F1": 0.3313246162592382, "_timestamp": 1709799345.0283918, "_runtime": 189.34428691864014, "_step": 2, "CV accuracies": [0.8616269318317958, 0.8599496825206661, 0.8628848688151431, 0.8625172227879949, 0.8623375067393518], "Average CV accuracy": 0.8618632425389905, "Average CV F1": 0.32896331170833204, "roc_table": {"_type": "table-file", "sha256": "3ebd61c916711739efe7c227772eb0a449a5233a6701b74ee907840d435dcae1", "size": 5469, "artifact_path": "wandb-client-artifact://2p6k91m0dcgbbc12u4mmxzh6zyeqo3c0nxdg8np1rvd4hznutj88ptol6ftmmyx2m97ywbxoltq2j04xd5ui88c41rtplh2nah00c4sl4k8m8wdc97jmpemj2xtexbgn:latest/roc_table.table.json", "_latest_artifact_path": "wandb-client-artifact://2p6k91m0dcgbbc12u4mmxzh6zyeqo3c0nxdg8np1rvd4hznutj88ptol6ftmmyx2m97ywbxoltq2j04xd5ui88c41rtplh2nah00c4sl4k8m8wdc97jmpemj2xtexbgn:latest/roc_table.table.json", "path": "media/table/roc_table_2_3ebd61c916711739efe7.table.json", "ncols": 3, "nrows": 291}, "_wandb": {"runtime": 188}}