{"Test set CV accuracies": [0.8994708994708994, 0.8563829787234043, 0.8936170212765957, 0.8776595744680851, 0.8936170212765957, 0.8882978723404256, 0.8936170212765957, 0.8936170212765957, 0.8882978723404256, 0.8670212765957447], "Average test set accuracy": 0.8851598559045367, "Average test set F1": 0.4756682949487449, "_timestamp": 1709227285.849041, "_runtime": 51.94020891189575, "_step": 1, "roc_table": {"_type": "table-file", "sha256": "1d0168a80a5284d9384bd8e3c0b978b40b1ac75e054f990f2244a73d0fdee3e7", "size": 5105, "artifact_path": "wandb-client-artifact://jeefoqn0sr7b0ytq9bsgee3x6huq1b15e4hbhg6gtwpjp6rwa1nvx11nmnhhvx29pluh300a0uh2wilvz420cjie5pltxxzonspmr9yv74swb3ndsi8xqe94n34b9ow1:latest/roc_table.table.json", "_latest_artifact_path": "wandb-client-artifact://jeefoqn0sr7b0ytq9bsgee3x6huq1b15e4hbhg6gtwpjp6rwa1nvx11nmnhhvx29pluh300a0uh2wilvz420cjie5pltxxzonspmr9yv74swb3ndsi8xqe94n34b9ow1:latest/roc_table.table.json", "path": "media/table/roc_table_1_1d0168a80a5284d9384b.table.json", "ncols": 3, "nrows": 269}, "_wandb": {"runtime": 50}}