{"Test set Accuracy": 0.7248213125406108, "Test set F1": 0.53423150948584, "_timestamp": 1715682866.867161, "_runtime": 302.6266269683838, "_step": 2, "CV accuracies": [0.892752985197821, 0.8958344797226655, 0.8935783855169758, 0.8919275848786662, 0.898910411622276], "Average CV accuracy": 0.8946007693876808, "Average CV F1": 0.5416521351429315, "roc_table": {"_type": "table-file", "sha256": "2fdd007d7580f86f07abb7abc988e9f10b1bdf84529114ee6efcc6f7b561c03d", "size": 5965, "artifact_path": "wandb-client-artifact://588gghb61pmjibbhbr58f31pqadxiko441tr2j4pouj4t0wg4ljj1t8h7sqcey1y6zeio0zdl3v5mjm6msmffhzrucbprr5dbwdl33chckir0s9gsu22m18spp38s8oa:latest/roc_table.table.json", "_latest_artifact_path": "wandb-client-artifact://588gghb61pmjibbhbr58f31pqadxiko441tr2j4pouj4t0wg4ljj1t8h7sqcey1y6zeio0zdl3v5mjm6msmffhzrucbprr5dbwdl33chckir0s9gsu22m18spp38s8oa:latest/roc_table.table.json", "path": "media/table/roc_table_2_2fdd007d7580f86f07ab.table.json", "ncols": 3, "nrows": 317}, "_wandb": {"runtime": 301}}