{"Test set Accuracy": 0.7243107769423559, "Test set F1": 0.4361602982292638, "_timestamp": 1711055185.8229902, "_runtime": 200.80542826652527, "_step": 2, "CV accuracies": [0.8987821038682401, 0.9036410677099767, 0.9034517574304285, 0.9025621607976776, 0.8981446421809921], "Average CV accuracy": 0.9013163463974629, "Average CV F1": 0.5817021201830208, "roc_table": {"_type": "table-file", "sha256": "e44d67a33fe0f7b6eda33a77bbeca142c7903ef3b378548e9dd401d2aa3854ac", "size": 6096, "artifact_path": "wandb-client-artifact://zmdlawowlbfyk48t2nsxp33xhckr64jzmw37fjz1s21ntbdu7dmgb983w9ddm17f4031qkmz4x8yj5szvqrgqrv6rptt5cdqmpjlt6y5kgtjlqkgtxm1y5fwa6gypdeg:latest/roc_table.table.json", "_latest_artifact_path": "wandb-client-artifact://zmdlawowlbfyk48t2nsxp33xhckr64jzmw37fjz1s21ntbdu7dmgb983w9ddm17f4031qkmz4x8yj5szvqrgqrv6rptt5cdqmpjlt6y5kgtjlqkgtxm1y5fwa6gypdeg:latest/roc_table.table.json", "path": "media/table/roc_table_2_e44d67a33fe0f7b6eda3.table.json", "ncols": 3, "nrows": 324}, "_wandb": {"runtime": 200}}