{"Test set Accuracy": 0.79, "Test set F1": 0.5520775623268699, "_timestamp": 1721191069.595445, "_runtime": 239.457692861557, "_step": 2, "CV accuracies": [0.9016807494489346, 0.9035635562086701, 0.9029206465833945, 0.903788748564868, 0.9020895522388059], "Average CV accuracy": 0.9028086506089344, "Average CV F1": 0.5063548980706885, "roc_table": {"_type": "table-file", "sha256": "86a79604c8ca20ad9ab9906abd04771eaa35875ab95f076dba68729008052ec9", "size": 6312, "artifact_path": "wandb-client-artifact://73n4j5vrmjj3b4owvlx9ygm3kytjcs9k9xhdvu8spch4mxopzi0d8jlscr8aa05wwb7cp7m445ufiyah7fl9y9oqt0vfm5todb94gey0c7xdo5yfyk578odnn172y1lm:latest/roc_table.table.json", "_latest_artifact_path": "wandb-client-artifact://73n4j5vrmjj3b4owvlx9ygm3kytjcs9k9xhdvu8spch4mxopzi0d8jlscr8aa05wwb7cp7m445ufiyah7fl9y9oqt0vfm5todb94gey0c7xdo5yfyk578odnn172y1lm:latest/roc_table.table.json", "path": "media/table/roc_table_2_86a79604c8ca20ad9ab9.table.json", "ncols": 3, "nrows": 336}, "_wandb": {"runtime": 237}}