{"Test set Accuracy": 0.7322124756335283, "Test set F1": 0.5364824968367776, "_timestamp": 1712909328.6535869, "_runtime": 154.8145968914032, "_step": 2, "CV accuracies": [0.8862528853552193, 0.8829111894838089, 0.8869509458159667, 0.884899006091696, 0.887848669445335], "Average CV accuracy": 0.885772539238405, "Average CV F1": 0.5656591957010874, "roc_table": {"_type": "table-file", "sha256": "e8daf5be756940daa7fcbdbeee23ec2d4a824c23e65d20b7598176d51e1117f6", "size": 6241, "artifact_path": "wandb-client-artifact://u681avp1l6dplbzvzii3ohrbvx3rz5quiwxuwid2arh111acv9253l0g6ilkrjjfklp9kp0p6t7az8tybp0uurvkaglo26okzzpkb5qlcqxgzmmwnmohzq7p0xx1e8xc:latest/roc_table.table.json", "_latest_artifact_path": "wandb-client-artifact://u681avp1l6dplbzvzii3ohrbvx3rz5quiwxuwid2arh111acv9253l0g6ilkrjjfklp9kp0p6t7az8tybp0uurvkaglo26okzzpkb5qlcqxgzmmwnmohzq7p0xx1e8xc:latest/roc_table.table.json", "path": "media/table/roc_table_2_e8daf5be756940daa7fc.table.json", "ncols": 3, "nrows": 331}, "_wandb": {"runtime": 154}}