{"Test set Accuracy": 0.7823376623376623, "Test set F1": 0.5495834453104004, "_timestamp": 1721152150.1307871, "_runtime": 246.52423214912415, "_step": 2, "CV accuracies": [0.9029665686994857, 0.9023236590742102, 0.9013133725202057, 0.9036969001148105, 0.9039724454649828], "Average CV accuracy": 0.902854589174739, "Average CV F1": 0.5062018476903616, "roc_table": {"_type": "table-file", "sha256": "1c65af79b25878973f7b9cd0cd36abbac76f78fc8437e8cb64e688ce6e0072a3", "size": 6315, "artifact_path": "wandb-client-artifact://nry91ilhlkupx0zbv90e1ekqexenxriwcndmwg3gesyk9eqd1fttom0b1iw8ixvjdxi2y0pr1po6x01jn2h5jqiw97v54ajso9y1p5er0t7yr3fj7f5avqyfdtp4dfs8:latest/roc_table.table.json", "_latest_artifact_path": "wandb-client-artifact://nry91ilhlkupx0zbv90e1ekqexenxriwcndmwg3gesyk9eqd1fttom0b1iw8ixvjdxi2y0pr1po6x01jn2h5jqiw97v54ajso9y1p5er0t7yr3fj7f5avqyfdtp4dfs8:latest/roc_table.table.json", "path": "media/table/roc_table_2_1c65af79b25878973f7b.table.json", "ncols": 3, "nrows": 335}, "_wandb": {"runtime": 245}}