{"Test set CV accuracies": [0.8888888888888888, 0.8723404255319149, 0.8776595744680851, 0.8617021276595744, 0.8617021276595744, 0.8882978723404256, 0.8882978723404256, 0.8563829787234043, 0.8829787234042553, 0.8723404255319149], "Average test set accuracy": 0.8750591016548462, "Average test set F1": 0.3763436038041841, "_timestamp": 1709226628.231529, "_runtime": 62.94181203842163, "_step": 1, "roc_table": {"_type": "table-file", "sha256": "fac20178ff82b62f434e93dc34320d19e083500e5f3ba93ab798367c525d2254", "size": 4775, "artifact_path": "wandb-client-artifact://uoqe4vf8r2wkolbz0sw3ad1irtd4jwbf5ovpia9sucqn1wa46u704u82tuumrvx47f0qxsjs80dimz363lqmrjvnb1084iyronb2ha5s12861faoq1ssm1bjvqezqi7r:latest/roc_table.table.json", "_latest_artifact_path": "wandb-client-artifact://uoqe4vf8r2wkolbz0sw3ad1irtd4jwbf5ovpia9sucqn1wa46u704u82tuumrvx47f0qxsjs80dimz363lqmrjvnb1084iyronb2ha5s12861faoq1ssm1bjvqezqi7r:latest/roc_table.table.json", "path": "media/table/roc_table_1_fac20178ff82b62f434e.table.json", "ncols": 3, "nrows": 253}, "_wandb": {"runtime": 62}}