{"Test set Accuracy": 0.7645629224576593, "Test set F1": 0.4375907111756169, "_timestamp": 1709800105.5062668, "_runtime": 234.60997486114502, "_step": 2, "CV accuracies": [0.9017806581513874, 0.9036682816334235, 0.9053042219845215, 0.899389668407475, 0.9034734457588723], "Average CV accuracy": 0.9027232551871359, "Average CV F1": 0.5896390066866063, "roc_table": {"_type": "table-file", "sha256": "ba5f35715b02375ff06beb6c1d936572d72d8f0849f30dcd33846baf289275fa", "size": 6270, "artifact_path": "wandb-client-artifact://98e8lmcvpxjstp51j3xd0k8489dgd6f8697fwzftu0b9xg8ak7uwk2pfek2g2nr8rsaxr2hc0f2x8cm7qh58vadf0pioy8ta89b5cn8iwiaah65zu2m9h9n8kni81bj9:latest/roc_table.table.json", "_latest_artifact_path": "wandb-client-artifact://98e8lmcvpxjstp51j3xd0k8489dgd6f8697fwzftu0b9xg8ak7uwk2pfek2g2nr8rsaxr2hc0f2x8cm7qh58vadf0pioy8ta89b5cn8iwiaah65zu2m9h9n8kni81bj9:latest/roc_table.table.json", "path": "media/table/roc_table_2_ba5f35715b02375ff06b.table.json", "ncols": 3, "nrows": 336}, "_wandb": {"runtime": 234}}