{"Test set CV accuracies": [0.8941798941798942, 0.8776595744680851, 0.8882978723404256, 0.8829787234042553, 0.8882978723404256, 0.898936170212766, 0.8617021276595744, 0.898936170212766, 0.8670212765957447, 0.898936170212766], "Average test set accuracy": 0.8856945851626703, "Average test set F1": 0.4691551151882181, "_timestamp": 1709283186.766549, "_runtime": 66.79192304611206, "_step": 1, "roc_table": {"_type": "table-file", "sha256": "e9773e181350ee75dceef5b088ff9b0b58e372f64b96b30bd8d2acc5977df8d0", "size": 5069, "artifact_path": "wandb-client-artifact://a8ghnennvqzsg505etimh1uovacoiiqrpo4n9d7ytm2h0iath6go1p5r8qqz09gfc3fi8t6agnbked3wgbdo10xj9lcz5axpopg95ddhpi5sfa7116lamdkzk4kkjknm:latest/roc_table.table.json", "_latest_artifact_path": "wandb-client-artifact://a8ghnennvqzsg505etimh1uovacoiiqrpo4n9d7ytm2h0iath6go1p5r8qqz09gfc3fi8t6agnbked3wgbdo10xj9lcz5axpopg95ddhpi5sfa7116lamdkzk4kkjknm:latest/roc_table.table.json", "path": "media/table/roc_table_1_e9773e181350ee75dcee.table.json", "ncols": 3, "nrows": 269}, "_wandb": {"runtime": 66}}