{"Test set Accuracy": 0.6911063619924379, "Test set F1": 0.36819098856758575, "_timestamp": 1711092699.716249, "_runtime": 216.81537199020386, "_step": 2, "CV accuracies": [0.9095720888623826, 0.9112867153719995, 0.9052411839260419, 0.9097890106612987, 0.9000969208976366], "Average CV accuracy": 0.9071971839438719, "Average CV F1": 0.6300803784734285, "roc_table": {"_type": "table-file", "sha256": "32eeb5ab8142bea25a521c799aee04e8c459f1ca3f356691a2071202c0369e25", "size": 5228, "artifact_path": "wandb-client-artifact://uqzgsuts8kygig29sj672arwv1wutmrbpqbv95w953kbb7mxyjm60al0ngaz15dtziy4zceu4s43pw7tdd4dq3cbp71uh8g7ezci1pst94kyfq02hvw3iwiymlz6rkh1:latest/roc_table.table.json", "_latest_artifact_path": "wandb-client-artifact://uqzgsuts8kygig29sj672arwv1wutmrbpqbv95w953kbb7mxyjm60al0ngaz15dtziy4zceu4s43pw7tdd4dq3cbp71uh8g7ezci1pst94kyfq02hvw3iwiymlz6rkh1:latest/roc_table.table.json", "path": "media/table/roc_table_2_32eeb5ab8142bea25a52.table.json", "ncols": 3, "nrows": 278}, "_wandb": {"runtime": 216}}