{"Test set CV accuracies": [0.8624338624338624, 0.925531914893617, 0.851063829787234, 0.898936170212766, 0.8670212765957447, 0.9042553191489362, 0.9202127659574468, 0.8723404255319149, 0.8670212765957447, 0.8723404255319149], "Average test set accuracy": 0.8841157266689181, "Average test set F1": 0.47165696088506587, "_timestamp": 1709283336.0614989, "_runtime": 79.68973398208618, "_step": 1, "roc_table": {"_type": "table-file", "sha256": "b5da25bda83689d71bb8a9cf963a463755e30b309fc1f3ee68b607f3f90ad8db", "size": 5161, "artifact_path": "wandb-client-artifact://qdt5nxf24mxqwish4tpkk8bqzo1ze5la8mfs4l6w9yznzwyivfuqfg5te4dts81a7kxc93iulp436579s55spsmq9w62iyqsnh0kd0xnj63jpc6yhwd322a4jz6gbsld:latest/roc_table.table.json", "_latest_artifact_path": "wandb-client-artifact://qdt5nxf24mxqwish4tpkk8bqzo1ze5la8mfs4l6w9yznzwyivfuqfg5te4dts81a7kxc93iulp436579s55spsmq9w62iyqsnh0kd0xnj63jpc6yhwd322a4jz6gbsld:latest/roc_table.table.json", "path": "media/table/roc_table_1_b5da25bda83689d71bb8.table.json", "ncols": 3, "nrows": 273}, "_wandb": {"runtime": 79}}