{"Test set Accuracy": 0.1469583048530417, "Test set F1": 0.2562574493444577, "_timestamp": 1709802454.9924638, "_runtime": 91.76562881469727, "_step": 2, "CV accuracies": [0.8078768617187013, 0.8394092353710974, 0.639247211316757, 0.8393469184271203, 0.7380032406830362], "Average CV accuracy": 0.7727766935033424, "Average CV F1": 0.20050327031552628, "roc_table": {"_type": "table-file", "sha256": "fea18aa4348d029193ab9e751cebfcc49fd1ba91b3602b10e43c789bde2a1e27", "size": 7854, "artifact_path": "wandb-client-artifact://x7s4x56tfwdck080l0ynm1e61816t17sqp78cqq43rzqskrdrm0ip959a175dj6w6tdy25vvs8eykglgpx4cybkydg3kligffkzsgwdw7ujl9xfr5lwd026i0s969ev4:latest/roc_table.table.json", "_latest_artifact_path": "wandb-client-artifact://x7s4x56tfwdck080l0ynm1e61816t17sqp78cqq43rzqskrdrm0ip959a175dj6w6tdy25vvs8eykglgpx4cybkydg3kligffkzsgwdw7ujl9xfr5lwd026i0s969ev4:latest/roc_table.table.json", "path": "media/table/roc_table_2_fea18aa4348d029193ab.table.json", "ncols": 3, "nrows": 416}, "_wandb": {"runtime": 91}}