{"Test set Accuracy": 0.7696401958697041, "Test set F1": 0.5428169014084507, "_timestamp": 1716281637.6250181, "_runtime": 241.8684642314911, "_step": 2, "CV accuracies": [0.9070375006803462, 0.903004572175049, 0.9064881341171348, 0.9082843457435228, 0.9083932070542129], "Average CV accuracy": 0.906641551954053, "Average CV F1": 0.5634390817140906, "roc_table": {"_type": "table-file", "sha256": "91f5e570c855f7a75d1b46319895d5602b7494bfee89353f84ade753f41842a1", "size": 6472, "artifact_path": "wandb-client-artifact://bo1u9femziqz5gcvm0vzcckrhqdt6im7rfw73q7v0o7hb4am8swe3vy4vehzlx7083zaj31mz9cxrn2lazp32ddkir893my8an0eadhmybx0ukiqzy2q2s3nfll9lj8c:latest/roc_table.table.json", "_latest_artifact_path": "wandb-client-artifact://bo1u9femziqz5gcvm0vzcckrhqdt6im7rfw73q7v0o7hb4am8swe3vy4vehzlx7083zaj31mz9cxrn2lazp32ddkir893my8an0eadhmybx0ukiqzy2q2s3nfll9lj8c:latest/roc_table.table.json", "path": "media/table/roc_table_2_91f5e570c855f7a75d1b.table.json", "ncols": 3, "nrows": 344}, "_wandb": {"runtime": 241}}