{"Test set CV accuracies": [0.8835978835978836, 0.8882978723404256, 0.8829787234042553, 0.8776595744680851, 0.8670212765957447, 0.9148936170212766, 0.9042553191489362, 0.8563829787234043, 0.8936170212765957, 0.8882978723404256], "Average test set accuracy": 0.8857002138917032, "Average test set F1": 0.47976174309316083, "_timestamp": 1709227512.9780328, "_runtime": 46.99433994293213, "_step": 1, "roc_table": {"_type": "table-file", "sha256": "45d1ec884c3e6768ccf812b1d0ab720679740047e6024c099088e97eb87c4c82", "size": 5171, "artifact_path": "wandb-client-artifact://kn6gkkwtw0vzek0867an34prjkpah5aq27n16zv8x52j8ltzsmitohnppu1gh9ueuq51xjq26y5mbp4wavwti8xk3xcqpfdcdatjypnz29c7a9g6qq5o8szivddlfbpg:latest/roc_table.table.json", "_latest_artifact_path": "wandb-client-artifact://kn6gkkwtw0vzek0867an34prjkpah5aq27n16zv8x52j8ltzsmitohnppu1gh9ueuq51xjq26y5mbp4wavwti8xk3xcqpfdcdatjypnz29c7a9g6qq5o8szivddlfbpg:latest/roc_table.table.json", "path": "media/table/roc_table_1_45d1ec884c3e6768ccf8.table.json", "ncols": 3, "nrows": 273}, "_wandb": {"runtime": 46}}