{"test set Recall":0.47001251212904965,"_timestamp":1.7446532976765592e+09,"_wandb":{"runtime":7},"_runtime":7.308738,"_step":0,"test set BCE":0.2265697866678238,"test set Precision":0.721974942357736}