{"Test set Accuracy": 0.7295511506037822, "Test set F1": 0.4410610579186941, "_timestamp": 1709803967.342391, "_runtime": 136.108952999115, "_step": 2, "CV accuracies": [0.9002705593657585, 0.9019064997168564, 0.9036682816334235, 0.9007739256276348, 0.8996979612383589], "Average CV accuracy": 0.9012634455164065, "Average CV F1": 0.5949255153031614, "roc_table": {"_type": "table-file", "sha256": "3dcabd8a3d891811ee5a5d4ff2c6da6744ac08d30e10d6ac1568b09eb9683514", "size": 6670, "artifact_path": "wandb-client-artifact://molhe6yrvit1fzwaubfmgc242nx996v7qx7ub5m8k60r6f21gz44lz08aidnq2jcnviwwg0woetlno6t1u93kwcd0v06io4cas3jt433yxf7kyfeh1e887wyfphk0ygp:latest/roc_table.table.json", "_latest_artifact_path": "wandb-client-artifact://molhe6yrvit1fzwaubfmgc242nx996v7qx7ub5m8k60r6f21gz44lz08aidnq2jcnviwwg0woetlno6t1u93kwcd0v06io4cas3jt433yxf7kyfeh1e887wyfphk0ygp:latest/roc_table.table.json", "path": "media/table/roc_table_2_3dcabd8a3d891811ee5a.table.json", "ncols": 3, "nrows": 354}, "_wandb": {"runtime": 135}}