{"Test set Accuracy": 0.7912204754310017, "Test set F1": 0.423810521903165, "_timestamp": 1711054341.959481, "_runtime": 227.12147402763367, "_step": 2, "CV accuracies": [0.8931590622939025, 0.8941719630651157, 0.8938122076987648, 0.8948315145700924, 0.8943518407482912], "Average CV accuracy": 0.8940653176752333, "Average CV F1": 0.5553640254173484, "roc_table": {"_type": "table-file", "sha256": "7d1d78c91435d57b3144cbd3d59e24e981b29de747867151a8cb023cf2b2434a", "size": 6270, "artifact_path": "wandb-client-artifact://yvaam0nq43viamkqy3ejuuzjmtnn8qmu7181bog4dtwn8pcp9j0g4cnia49rvfbnnog3yhiaqkzyl7cjiql7dhc8uuh2iiol1zlxgj1j3xp420f9r4ge0wy5ajm5pass:latest/roc_table.table.json", "_latest_artifact_path": "wandb-client-artifact://yvaam0nq43viamkqy3ejuuzjmtnn8qmu7181bog4dtwn8pcp9j0g4cnia49rvfbnnog3yhiaqkzyl7cjiql7dhc8uuh2iiol1zlxgj1j3xp420f9r4ge0wy5ajm5pass:latest/roc_table.table.json", "path": "media/table/roc_table_2_7d1d78c91435d57b3144.table.json", "ncols": 3, "nrows": 332}, "_wandb": {"runtime": 226}}