{"Test set Accuracy": 0.8204619807673242, "Test set F1": 0.506001091107474, "_timestamp": 1715941308.634654, "_runtime": 10.664366960525513, "_step": 0, "_wandb": {"runtime": 41}}