{"Test set Accuracy": 0.7790688843320422, "Test set F1": 0.4451649818806027, "_timestamp": 1709803243.657695, "_runtime": 147.08240413665771, "_step": 2, "CV accuracies": [0.8972393593818159, 0.8968031407739765, 0.894559730790802, 0.8974886271577242, 0.8979184843574722], "Average CV accuracy": 0.8968018684923582, "Average CV F1": 0.5795378979361046, "roc_table": {"_type": "table-file", "sha256": "7440f0cee5d5bd20ff125f3147440f76986f0b78b8bb7d46b47b4f96c0869153", "size": 6481, "artifact_path": "wandb-client-artifact://35m16voyt1caw9rfhnj2qccyt2mxm218fnakmtta9e73i9hzqn8sp7x524taenliptebvn0voo0kogs58imn87angxdmcgtn4uawzyx37igwtj91pqvnqi3zeuemi9wl:latest/roc_table.table.json", "_latest_artifact_path": "wandb-client-artifact://35m16voyt1caw9rfhnj2qccyt2mxm218fnakmtta9e73i9hzqn8sp7x524taenliptebvn0voo0kogs58imn87angxdmcgtn4uawzyx37igwtj91pqvnqi3zeuemi9wl:latest/roc_table.table.json", "path": "media/table/roc_table_2_7440f0cee5d5bd20ff12.table.json", "ncols": 3, "nrows": 343}, "_wandb": {"runtime": 146}}